{
"type": "FeatureCollection",
"crs": { "type": "name", "properties": { "name": "urn:ogc:def:crs:OGC:1.3:CRS84" } },
"features": [
{ "type": "Feature", "properties": { "PROVINCE": "Central" }, "geometry": { "type": "Polygon", "coordinates": [ [ [ 27.777627071995596, -15.305962319742065 ], [ 27.782915435208597, -15.312495808253756 ], [ 27.775428537864183, -15.323269886418469 ], [ 27.791323338382849, -15.351864346195967 ], [ 27.784341510722136, -15.358023962754922 ], [ 27.80846595542506, -15.391340037715837 ], [ 27.836838914890571, -15.392858183628164 ], [ 27.861943787182803, -15.377504344806999 ], [ 27.902345607815917, -15.372932282992274 ], [ 27.911518425556284, -15.406105357692315 ], [ 27.933033082000861, -15.384722269802779 ], [ 27.959345042998233, -15.454771910846963 ], [ 27.960509670136538, -15.583803944962574 ], [ 27.789761638820991, -15.578889517909563 ], [ 27.791591136050535, -15.588845885379181 ], [ 27.769137034956561, -15.62615377114129 ], [ 27.790877688661986, -15.646289734193296 ], [ 27.791353049262582, -15.657504160114344 ], [ 27.769130039775465, -15.65716086885473 ], [ 27.754869283741737, -15.641712245254514 ], [ 27.721118829322418, -15.673866957657943 ], [ 27.705907358375747, -15.657046440325018 ], [ 27.671919225003631, -15.676155356203004 ], [ 27.672869940814905, -15.651553723786366 ], [ 27.652786043699766, -15.644115439651747 ], [ 27.640545563705754, -15.626262451835045 ], [ 27.659797582240209, -15.610239215942602 ], [ 27.664313487733665, -15.596046160041833 ], [ 27.652025726711294, -15.591288140578229 ], [ 27.655519355699592, -15.561933030281201 ], [ 27.626879006401545, -15.541439537827337 ], [ 27.626284808570357, -15.515791178332073 ], [ 27.613093610968409, -15.520256971171561 ], [ 27.597525619346726, -15.517852325098753 ], [ 27.592296676096534, -15.508118949985766 ], [ 27.568528750271998, -15.50697381584261 ], [ 27.558783899731722, -15.489910584348923 ], [ 27.567340351914631, -15.47353313584091 ], [ 27.537273929798005, -15.475022048605572 ], [ 27.520042182811647, -15.505141591294699 ], [ 27.506850984311406, -15.505828677080508 ], [ 27.517190030886237, -15.53239427484014 ], [ 27.501503202033927, -15.534913248062448 ], [ 27.501859720912311, -15.544645357838526 ], [ 27.48474681385154, -15.543958399618434 ], [ 27.489619238223344, -15.558155053725905 ], [ 27.456106462756864, -15.55517841757414 ], [ 27.454205030235983, -15.564222678125903 ], [ 27.462999161371727, -15.569488774389672 ], [ 27.45372967143205, -15.572236249192331 ], [ 27.446123934162085, -15.588834796069989 ], [ 27.436022565641725, -15.572007294649488 ], [ 27.411779282809881, -15.5785324082796 ], [ 27.407976415073197, -15.555979823350706 ], [ 27.399063443113572, -15.55689571221674 ], [ 27.39169538479641, -15.565481974789225 ], [ 27.396567810964875, -15.584713902953379 ], [ 27.380405620613676, -15.593299002768232 ], [ 27.373156404018726, -15.620768911685483 ], [ 27.353873999969778, -15.611452999121502 ], [ 27.332389001404305, -15.647764997276418 ], [ 27.316280001199409, -15.639244999702909 ], [ 27.303226000595867, -15.65505199932484 ], [ 27.303329226005168, -15.753632654955384 ], [ 27.27966955705384, -15.73953517688363 ], [ 27.280866590017705, -15.72320120240709 ], [ 27.27495850873461, -15.724049202851516 ], [ 27.195301056685462, -15.470036400724052 ], [ 26.977631039266875, -15.464905558311472 ], [ 27.00890886469697, -15.343315977346618 ], [ 26.943753715779984, -15.345216365774712 ], [ 26.825378418641122, -15.331604002763864 ], [ 26.348188763698786, -15.325350549939262 ], [ 26.005736087816565, -15.288334082430419 ], [ 25.3163723263302, -15.284301786927726 ], [ 25.336237940017803, -15.241476286182627 ], [ 25.317509820753642, -15.191323918967882 ], [ 25.338750900668341, -15.163209682945427 ], [ 25.380237939165276, -15.140976287862708 ], [ 25.420837938929854, -15.139776285821837 ], [ 25.421137939403824, -15.081076286409925 ], [ 25.439337939112423, -15.071876286615209 ], [ 25.465337938567806, -15.037276286757434 ], [ 25.46483793897562, -14.953976284974406 ], [ 25.433437939073617, -14.901576284778571 ], [ 25.431630077767696, -14.872940629665012 ], [ 25.447205110384569, -14.855475068242914 ], [ 25.450424754109541, -14.818516550642817 ], [ 25.471191463367077, -14.796104943819266 ], [ 25.489503194632398, -14.791241009275117 ], [ 25.497237938960325, -14.727376286674522 ], [ 25.477630754410278, -14.694289808753648 ], [ 25.53721005766382, -14.610876664110053 ], [ 25.542893198104821, -14.580114384059645 ], [ 25.562534382990041, -14.582955090397506 ], [ 25.591687782604737, -14.537485742731647 ], [ 26.18573793885999, -14.612876285127951 ], [ 26.185654887815339, -14.657449761766548 ], [ 26.223407786881385, -14.66277393422067 ], [ 26.254555503020679, -14.684961963380857 ], [ 26.308865210664109, -14.697721889093634 ], [ 26.317659343596482, -14.727607088250915 ], [ 26.334296890955027, -14.733238839428633 ], [ 26.348233651615214, -14.714187662164964 ], [ 26.360322769077126, -14.716343145933298 ], [ 26.383139978192059, -14.701745136283638 ], [ 26.372889395011459, -14.660732399184912 ], [ 26.39936268085744, -14.638974190635002 ], [ 26.424529403953589, -14.586261218852238 ], [ 26.443309328161863, -14.566122946779572 ], [ 26.511529607880036, -14.53727018876584 ], [ 26.523709766002721, -14.489702625044217 ], [ 26.532996747039313, -14.479551606780594 ], [ 26.544405352045928, -14.481622765594425 ], [ 26.554269039816827, -14.466203674616985 ], [ 26.5819586733036, -14.455156503792194 ], [ 26.618442437926117, -14.475179098066059 ], [ 26.632227835155874, -14.450208115227483 ], [ 26.659442108940386, -14.446065192375759 ], [ 26.684992630055177, -14.452394626143359 ], [ 26.689627373677553, -14.465168024818901 ], [ 26.698778027284938, -14.466663960899474 ], [ 26.718624242752284, -14.45250970625993 ], [ 26.745363157732854, -14.457112814225697 ], [ 26.76176302703686, -14.437433855258732 ], [ 26.797296076746431, -14.433751048072057 ], [ 26.812507547693105, -14.417638056189515 ], [ 26.845663804281198, -14.425234326756669 ], [ 26.864083946031666, -14.414185121595706 ], [ 26.911619796782411, -14.42454376835672 ], [ 26.937289155127829, -14.419019216266795 ], [ 26.96842513657457, -14.423392830322911 ], [ 26.968084083092116, -14.250563493176021 ], [ 26.958951261043119, -14.239467512053762 ], [ 26.980522437688705, -14.233831621107567 ], [ 26.986188882041855, -14.220802022620727 ], [ 26.987155272556517, -14.165063049776371 ], [ 26.966245708710925, -14.126365432665361 ], [ 26.901264599397098, -14.074669483403174 ], [ 26.85935118094044, -14.025429417092655 ], [ 26.908166353030037, -13.985481565132227 ], [ 26.919636262664902, -13.896036946394501 ], [ 26.94268798866289, -13.845092773138768 ], [ 26.940307617551674, -13.829895017770246 ], [ 26.933288575383639, -13.819274900758026 ], [ 26.879699708263534, -13.799987792008077 ], [ 26.867126466237114, -13.75280761582097 ], [ 26.838118871277871, -13.721092371937759 ], [ 27.342889027874694, -13.723307797730588 ], [ 27.355792921790883, -13.748461641633062 ], [ 27.342891859364482, -13.767242510306142 ], [ 27.356843436836964, -13.783312125840519 ], [ 27.361670713679246, -13.801091177347001 ], [ 27.354784199066767, -13.808316583740522 ], [ 27.382533966676974, -13.814951539666835 ], [ 27.388721106009839, -13.838475383119709 ], [ 27.379907335905347, -13.852444721312089 ], [ 27.388422557213378, -13.87708751784416 ], [ 27.376820532349658, -13.877968829901405 ], [ 27.376218868620125, -13.885815975208812 ], [ 27.393588673190905, -13.896964052078969 ], [ 27.407426971309434, -13.92652036487905 ], [ 27.424587501656699, -13.917506598249567 ], [ 27.419146358370085, -13.907197463632928 ], [ 27.424796776778578, -13.898106761124131 ], [ 27.448078597253406, -13.897497319269055 ], [ 27.456868137998047, -13.889828328673516 ], [ 27.463355655097292, -13.897700467313635 ], [ 27.460844358126678, -13.882514619127745 ], [ 27.488887176843807, -13.874946718883107 ], [ 27.474865767934393, -13.816172810771677 ], [ 27.486271244108885, -13.797018555570931 ], [ 27.510808710823259, -13.793919179251874 ], [ 27.535189223891166, -13.807739036054 ], [ 27.536026321683618, -13.822726557820381 ], [ 27.551669612787368, -13.827197223597938 ], [ 27.567520073361937, -13.769326183293183 ], [ 27.595813283989823, -13.743356442431514 ], [ 27.596688185584359, -13.704017039358353 ], [ 27.603062479923508, -13.700009875180742 ], [ 27.613061368636224, -13.710574062150776 ], [ 27.624685079729243, -13.709602662884105 ], [ 27.617935828590486, -13.675479704195396 ], [ 27.643432999658859, -13.649550235700332 ], [ 27.665649286154398, -13.651402434042732 ], [ 27.718768391873088, -13.688079061894422 ], [ 27.744265562941461, -13.68610571100983 ], [ 27.773481071176576, -13.694818681359155 ], [ 27.795208536715315, -13.682329463006445 ], [ 27.805189523801072, -13.684536794086151 ], [ 27.834185123556303, -13.649237854078882 ], [ 27.935137575098434, -13.783495356244508 ], [ 27.906339035173783, -13.821163846848387 ], [ 27.903760273827022, -13.840152449923924 ], [ 27.879359166881219, -13.847065694354708 ], [ 27.893101403654835, -13.890892393661263 ], [ 27.903330480269229, -13.894355324993899 ], [ 27.900064054979207, -13.91053595733556 ], [ 27.91223425976855, -13.926857647989447 ], [ 27.908031259946434, -13.93593583618938 ], [ 27.968732047848441, -13.921376403589774 ], [ 27.978841082591433, -13.910795375167748 ], [ 28.027429663633736, -13.917261618625243 ], [ 28.053890178131351, -13.909031822059207 ], [ 28.089248501924875, -13.910524057564011 ], [ 28.113193402148593, -13.899309435422804 ], [ 28.145896359861176, -13.903876745338639 ], [ 28.174686142110122, -13.877828292174001 ], [ 28.220433015040538, -13.869778005115682 ], [ 28.284921708339841, -13.887129441154798 ], [ 28.302466962868756, -13.886003816598176 ], [ 28.329013698565646, -13.870718495592358 ], [ 28.340293553432499, -13.880223062595347 ], [ 28.406623431043187, -13.890125567702233 ], [ 28.48480177733261, -13.885888565708949 ], [ 28.553643133373587, -13.859625209858082 ], [ 28.650989505718428, -13.859980933655978 ], [ 28.644191780588624, -13.733514965167341 ], [ 28.675148404405757, -13.701555367208291 ], [ 28.686492039657796, -13.676032709739141 ], [ 28.712136140970657, -13.656170188400237 ], [ 28.711435339166382, -13.643088845722996 ], [ 28.701034448974109, -13.633490228629332 ], [ 28.833115561591701, -13.594851859940448 ], [ 28.836216440849579, -13.584317398284082 ], [ 28.906442263338477, -13.529376966194526 ], [ 28.951298629141206, -13.51031182797418 ], [ 29.02874463916665, -13.430546890317558 ], [ 29.071047338958394, -13.406165686187062 ], [ 29.044023058856499, -13.404597557799757 ], [ 29.05774699335452, -13.395149716655292 ], [ 29.119536595974726, -13.36758540184497 ], [ 29.134904196812695, -13.381412318046207 ], [ 29.143249214323831, -13.379061058597017 ], [ 29.166369011959105, -13.404213900337764 ], [ 29.178514128599176, -13.448864430089543 ], [ 29.207237940370284, -13.421276286982053 ], [ 29.26533794023473, -13.384776286631393 ], [ 29.297609220622377, -13.374787326838005 ], [ 29.31303794013736, -13.344476287855413 ], [ 29.35226983986021, -13.353077382160198 ], [ 29.365737938656892, -13.328276287052823 ], [ 29.386037939886645, -13.329576286983997 ], [ 29.441252949910488, -13.313320050727668 ], [ 29.487705356970114, -13.274739732252872 ], [ 29.506318255620968, -13.248782615708867 ], [ 29.574537938857802, -13.212476285566749 ], [ 29.592537940346485, -13.21517628808585 ], [ 29.628937939763716, -13.243976287252652 ], [ 29.670137939577906, -13.232576286167406 ], [ 29.669335807809571, -13.253543276976554 ], [ 29.676233493870921, -13.25116293874977 ], [ 29.675737939142742, -13.262976284710509 ], [ 29.646328455891712, -13.294396020796368 ], [ 29.655380587668628, -13.319804242905571 ], [ 29.646013264906255, -13.352263098066336 ], [ 29.603737938577861, -13.361076286688274 ], [ 29.61563794001119, -13.384076286911689 ], [ 29.611337940104725, -13.407376287349877 ], [ 29.635737939427806, -13.431676286879132 ], [ 29.655645481981296, -13.438019821009037 ], [ 29.672037852149291, -13.423594944766954 ], [ 29.69769094380154, -13.449323865588923 ], [ 29.726450132126843, -13.459032436705794 ], [ 29.776053793270549, -13.43325762937504 ], [ 29.795709865036667, -13.444261384021875 ], [ 29.814721562673054, -13.444509003113563 ], [ 29.814703661046103, -12.149693066931128 ], [ 29.841604362609321, -12.132041176297664 ], [ 29.844218835581898, -12.08846807897546 ], [ 29.855330340774604, -12.055696430356035 ], [ 29.921512167043293, -12.017367514353399 ], [ 30.000754430344529, -12.002884215960917 ], [ 30.020713008884254, -12.050671074860706 ], [ 30.042969643210792, -12.05281844886057 ], [ 30.052792031834798, -12.06531699066637 ], [ 30.051516239078413, -12.116229016989765 ], [ 30.082984972676066, -12.133076371015941 ], [ 30.10542189438851, -12.174713816902328 ], [ 30.120770990829968, -12.181484091885785 ], [ 30.125972317173396, -12.170245067232715 ], [ 30.13569058476779, -12.177737804361959 ], [ 30.132816168098088, -12.196201143609283 ], [ 30.15991781201058, -12.198609311634602 ], [ 30.170226677886831, -12.212362797652712 ], [ 30.175932419940406, -12.207439071191809 ], [ 30.220964952556891, -12.215867200241652 ], [ 30.207277251605863, -12.222020903964273 ], [ 30.230059184777907, -12.22637236766735 ], [ 30.230593962646324, -12.232992503212056 ], [ 30.262107767416744, -12.243828633116303 ], [ 30.266840050112666, -12.253606772328856 ], [ 30.30076149165977, -12.250265963576952 ], [ 30.303056424004346, -12.25717781327425 ], [ 30.311251712120544, -12.2453232171247 ], [ 30.331607646951472, -12.274422645748693 ], [ 30.351156766198159, -12.282986578876844 ], [ 30.386214455307137, -12.269284151300113 ], [ 30.406614318653794, -12.277760038397597 ], [ 30.449122466744285, -12.275470981957628 ], [ 30.465331935428889, -12.296281898131459 ], [ 30.492873019008709, -12.31036026610909 ], [ 30.509362017358598, -12.34858576140793 ], [ 30.506688125321546, -12.393886043729177 ], [ 30.498301268776054, -12.408393262185411 ], [ 30.465686285774183, -12.428375585709576 ], [ 30.442863711920353, -12.479373393607023 ], [ 30.479054585336065, -12.488276025971871 ], [ 30.5043888199782, -12.517446342596966 ], [ 30.569999710289974, -12.538436652062272 ], [ 30.554901209676814, -12.585562820719559 ], [ 30.601683556262174, -12.641391315018483 ], [ 30.637333131837138, -12.637447137142189 ], [ 30.650075790736221, -12.628315799419839 ], [ 30.662295054319891, -12.598722986903995 ], [ 30.677360287623131, -12.600157823929029 ], [ 30.700258141196095, -12.617901416346644 ], [ 30.704857027665565, -12.646736714752791 ], [ 30.777421605013508, -12.683536294724325 ], [ 30.77673100178265, -12.694411013188398 ], [ 30.739097391799834, -12.712477755962299 ], [ 30.733053321752369, -12.756597269385557 ], [ 30.739899344803408, -12.775527921877291 ], [ 30.760880746023954, -12.793145113761854 ], [ 30.759621045687538, -12.833494621100161 ], [ 30.771338633422666, -12.850689284321055 ], [ 30.743874796872458, -12.880099395674851 ], [ 30.753560224754999, -12.906222086354711 ], [ 30.799907678945036, -12.914272654365886 ], [ 30.846849332762929, -12.947977969233385 ], [ 30.888205520858953, -12.928693527979433 ], [ 30.92861099583866, -12.960717623955182 ], [ 30.948968922234549, -12.957474864435087 ], [ 30.963806862008006, -12.938654686864918 ], [ 30.994340397292579, -12.961347152651285 ], [ 31.045014409182176, -12.969577089605695 ], [ 31.055115777702508, -12.988568868240709 ], [ 31.070683769324194, -12.995053534946372 ], [ 31.076150393323843, -13.025042905896948 ], [ 31.101641490882571, -13.042467497410074 ], [ 31.107056607280487, -13.036221138085052 ], [ 31.170783082756131, -13.029500475660923 ], [ 31.180052572695839, -13.010974984421024 ], [ 31.174110592587176, -13.002348580020843 ], [ 31.187123532097388, -12.99939584784371 ], [ 31.213446509135068, -12.960717623079768 ], [ 31.23168839189551, -12.960428093744245 ], [ 31.246917608162278, -12.946910539242513 ], [ 31.258925737111436, -12.965755398693464 ], [ 31.26950246174081, -12.957532771366109 ], [ 31.296894997210298, -12.975367418673633 ], [ 31.323990431069227, -12.965060539335017 ], [ 31.353878598687409, -12.996558877110532 ], [ 31.337359892152751, -13.070830482815506 ], [ 31.363930557172193, -13.102521659118745 ], [ 31.368554504841484, -13.123084351929846 ], [ 31.359761159731598, -13.155031948031409 ], [ 31.365762559803038, -13.15595771324111 ], [ 31.365227782832953, -13.177770071965114 ], [ 31.377765361742576, -13.180315682395664 ], [ 31.384182701553506, -13.199667260014342 ], [ 31.36362344743106, -13.255890936432953 ], [ 31.393095674411423, -13.277520866732527 ], [ 31.39737390095204, -13.30308102777939 ], [ 31.407237589621275, -13.304006234289085 ], [ 31.436472137648838, -13.332685808397864 ], [ 31.422508481429016, -13.401132968364099 ], [ 31.436521585413633, -13.428245380759829 ], [ 31.426256086606063, -13.438491178227601 ], [ 31.424490501814041, -13.461786468901574 ], [ 31.410766431670396, -13.464533469931387 ], [ 31.38558431414522, -13.453998430299739 ], [ 31.362541831811534, -13.473967062039362 ], [ 31.328960617296786, -13.478260488362006 ], [ 31.31572692039876, -13.491032866832951 ], [ 31.305952917730878, -13.524463098049161 ], [ 31.2820918258316, -13.524013954270552 ], [ 31.266760616644085, -13.534156330128891 ], [ 31.216885852930769, -13.602163694192264 ], [ 31.196441196889143, -13.588475819043641 ], [ 31.144983935818502, -13.617980347881101 ], [ 31.124614976314266, -13.647080683964623 ], [ 31.128358424986466, -13.676007770772056 ], [ 31.144401772717167, -13.698812052761641 ], [ 31.120752686818175, -13.728944948639731 ], [ 31.072741477263463, -13.749897153184776 ], [ 31.077554484367454, -13.775118119128754 ], [ 31.065492261566838, -13.777830508424135 ], [ 31.045682141305903, -13.767825485690073 ], [ 31.014010790000956, -13.799485203597269 ], [ 30.981020892420307, -13.802958982279691 ], [ 30.980914590281181, -13.85411954961894 ], [ 30.970464901806043, -13.860305411823857 ], [ 30.944430822065414, -13.858148648286189 ], [ 30.947504228146958, -13.895341453588561 ], [ 30.921742378361586, -13.886398560422757 ], [ 30.894434801060086, -13.916428626843102 ], [ 30.892714903685118, -13.927557859836567 ], [ 30.094859679347625, -13.931255486672166 ], [ 30.113836467553778, -13.945979803276025 ], [ 30.115949436256066, -13.958089833060312 ], [ 30.123868909240681, -13.954133960365422 ], [ 30.153816495923348, -13.97244342930335 ], [ 30.1601387634345, -13.984277613837632 ], [ 30.153284094098858, -13.992817865241829 ], [ 30.16720972193772, -14.016854795416133 ], [ 30.162601120188441, -14.039307435416779 ], [ 30.183298229774394, -14.063678410130722 ], [ 30.234375500784893, -14.079090500240643 ], [ 30.257851080679995, -14.077686510375877 ], [ 30.270162866246341, -14.095808617657998 ], [ 30.28766556488533, -14.095808617657998 ], [ 30.287049978167186, -14.109362949131404 ], [ 30.304536040007125, -14.126433804867505 ], [ 30.301294788206302, -14.13646966223391 ], [ 30.312255860623239, -14.151585977232122 ], [ 30.301175254781324, -14.162346189080859 ], [ 30.314884595249264, -14.169476363324913 ], [ 30.316294768785617, -14.184952374754783 ], [ 30.283646526558677, -14.1843451403534 ], [ 30.267467581729111, -14.208220594780158 ], [ 30.230299300860107, -14.228090164969872 ], [ 30.201283418942371, -14.275337888202534 ], [ 30.175595044160698, -14.292492970668794 ], [ 30.16033793879761, -14.321476286923792 ], [ 30.14551435769566, -14.329636334296131 ], [ 30.153766581932892, -14.339630459061889 ], [ 30.129123155337517, -14.371446648636436 ], [ 30.10153793932443, -14.356976286322654 ], [ 30.075902859791952, -14.368320795576462 ], [ 30.061394917036441, -14.391077031266924 ], [ 30.063258322074692, -14.422081084766232 ], [ 30.044025319078163, -14.424079118855284 ], [ 30.030715279754038, -14.436969231786238 ], [ 30.028718774035081, -14.457656304818162 ], [ 30.014676684111194, -14.480338978184001 ], [ 30.02173100401874, -14.493483557976383 ], [ 29.995510229209234, -14.519061705859558 ], [ 30.006037939960045, -14.528176285929332 ], [ 29.987337939760923, -14.545776287417068 ], [ 29.978337939914901, -14.577976286307511 ], [ 29.991317568097749, -14.614132329258773 ], [ 30.013146031223851, -14.622696975006692 ], [ 30.006955859178621, -14.647825968770308 ], [ 29.994985027381755, -14.653278924136385 ], [ 29.958641423299724, -14.644203711421216 ], [ 29.957955647615204, -14.659557316923742 ], [ 29.941837157607637, -14.667408257024672 ], [ 29.935091302100673, -14.661723024312774 ], [ 29.922060794238458, -14.674181193078704 ], [ 29.909394282831034, -14.64922593884002 ], [ 29.89915162279123, -14.646432776750363 ], [ 29.89189158239542, -14.675880446973848 ], [ 29.878758615386861, -14.684869173746817 ], [ 29.868859206108681, -14.682252239761176 ], [ 29.863665980772485, -14.692513727999359 ], [ 29.812149005091651, -14.694295502878886 ], [ 29.769842096692766, -14.719985930207713 ], [ 29.751286799814565, -14.707610109631426 ], [ 29.714078027384119, -14.730040668377812 ], [ 29.702555880715476, -14.745769910842357 ], [ 29.663797961780947, -14.751178626165018 ], [ 29.654399470173182, -14.745742061125306 ], [ 29.661460357663746, -14.757567811307089 ], [ 29.62856617916988, -14.772542473035228 ], [ 29.627650484179984, -14.786238305921691 ], [ 29.608557563570535, -14.779533327373775 ], [ 29.582244579392032, -14.803993098372487 ], [ 29.58302620621572, -14.821396146056642 ], [ 29.570191525695535, -14.810941306872769 ], [ 29.535817917150155, -14.82131169330237 ], [ 29.526342058138546, -14.807696372020605 ], [ 29.502800735937697, -14.819639914864823 ], [ 29.502910471437861, -14.981940693633637 ], [ 29.3670767787732, -14.982399893242818 ], [ 29.246216878102377, -14.867971493253476 ], [ 29.125951177957731, -14.973158316701284 ], [ 28.966708979905274, -14.990045083964963 ], [ 28.872306767632164, -15.166481651157506 ], [ 28.550384673445169, -15.180662208591944 ], [ 28.511541442406426, -15.137353151031512 ], [ 28.412792994837503, -15.121832287665875 ], [ 28.385792632380028, -15.131055943233866 ], [ 28.370293383437129, -15.127360844068814 ], [ 28.367074268819845, -15.140756534147556 ], [ 28.344923809071709, -15.136087889213467 ], [ 28.34163182581354, -15.150603262599653 ], [ 28.36313419779658, -15.159726743678567 ], [ 28.356380344588658, -15.166332258068538 ], [ 28.333255911646532, -15.161391289099669 ], [ 28.330712060628336, -15.173083904355458 ], [ 28.346129254758228, -15.176808912822962 ], [ 28.343095858741105, -15.191221379953813 ], [ 28.328297878726431, -15.188023034794607 ], [ 28.325180696842761, -15.20168192399063 ], [ 28.340227741956479, -15.205013819030338 ], [ 28.337363851745263, -15.219523675361399 ], [ 28.316129217242771, -15.215514471596915 ], [ 28.312813513969509, -15.228773996295978 ], [ 28.335041895382037, -15.233774867360374 ], [ 28.331923339075971, -15.248306410660946 ], [ 28.318013011343009, -15.24559043482137 ], [ 28.314676975601611, -15.261327359850194 ], [ 28.294775484099901, -15.259666849212627 ], [ 28.283212430848121, -15.307287279217464 ], [ 28.30924532391429, -15.303968594666788 ], [ 28.27514781975799, -15.31913558258778 ], [ 28.276434397687694, -15.338792138998347 ], [ 28.249031990631568, -15.343936873297913 ], [ 28.202732071693102, -15.322046443784664 ], [ 28.189350731288226, -15.323628132644835 ], [ 28.172784486807064, -15.308613069021606 ], [ 28.161352113276347, -15.309369578977115 ], [ 28.122871842934877, -15.288025778703844 ], [ 28.009189855981656, -15.270187938854628 ], [ 28.002692482567092, -15.262489215417364 ], [ 27.975367736663895, -15.295355594711921 ], [ 27.886000700135924, -15.257324495115963 ], [ 27.854508198912466, -15.236135928122566 ], [ 27.835992983963923, -15.267046672728277 ], [ 27.821874838176509, -15.26936250083514 ], [ 27.816859805355019, -15.285801862963629 ], [ 27.810585073095442, -15.281904223363835 ], [ 27.805023378592637, -15.293253032767948 ], [ 27.797845464875067, -15.289447237313079 ], [ 27.796728372988337, -15.298548932638518 ], [ 27.777627071995596, -15.305962319742065 ] ] ] } },
{ "type": "Feature", "properties": { "PROVINCE": "Copperbelt" }, "geometry": { "type": "Polygon", "coordinates": [ [ [ 28.533934028666359, -13.867877343573175 ], [ 28.48480177733261, -13.885888565708949 ], [ 28.411779483194596, -13.890276591304575 ], [ 28.340293553432499, -13.880223062595347 ], [ 28.329013698565646, -13.870718495592358 ], [ 28.302466962868756, -13.886003816598176 ], [ 28.284921708339841, -13.887129441154798 ], [ 28.220433015040538, -13.869778005115682 ], [ 28.174686142110122, -13.877828292174001 ], [ 28.145896359861176, -13.903876745338639 ], [ 28.113193402148593, -13.899309435422804 ], [ 28.089248501924875, -13.910524057564011 ], [ 28.053890178131351, -13.909031822059207 ], [ 28.027429663633736, -13.917261618625243 ], [ 27.978841082591433, -13.910795375167748 ], [ 27.968732047848441, -13.921376403589774 ], [ 27.908031259946434, -13.93593583618938 ], [ 27.91223425976855, -13.926857647989447 ], [ 27.900064054979207, -13.91053595733556 ], [ 27.903330480269229, -13.894355324993899 ], [ 27.893101403654835, -13.890892393661263 ], [ 27.879359166881219, -13.847065694354708 ], [ 27.903760273827022, -13.840152449923924 ], [ 27.906339035173783, -13.821163846848387 ], [ 27.935137575098434, -13.783495356244508 ], [ 27.834185123556303, -13.649237854078882 ], [ 27.805189523801072, -13.684536794086151 ], [ 27.795208536715315, -13.682329463006445 ], [ 27.773168603883089, -13.694818679613608 ], [ 27.744265562941461, -13.68610571100983 ], [ 27.718768391873088, -13.688079061894422 ], [ 27.654775491355526, -13.647060371207475 ], [ 27.618310788085019, -13.674629605059749 ], [ 27.624685079729243, -13.709602662884105 ], [ 27.613061368636224, -13.710574062150776 ], [ 27.603062479923508, -13.700009875180742 ], [ 27.596688185584359, -13.704017039358353 ], [ 27.595813283989823, -13.743356442431514 ], [ 27.567520073361937, -13.769326183293183 ], [ 27.551669612787368, -13.827197223597938 ], [ 27.536026321683618, -13.822726557820381 ], [ 27.535189223891166, -13.807739036054 ], [ 27.510808710823259, -13.793919179251874 ], [ 27.486271244108885, -13.797018555570931 ], [ 27.474865767934393, -13.816172810771677 ], [ 27.488887176843807, -13.874946718883107 ], [ 27.460844358126678, -13.882514619127745 ], [ 27.463355655097292, -13.897700467313635 ], [ 27.456868137998047, -13.889828328673516 ], [ 27.448078597253406, -13.897497319269055 ], [ 27.424796776778578, -13.898106761124131 ], [ 27.419146358370085, -13.907197463632928 ], [ 27.424587501656699, -13.917506598249567 ], [ 27.407426971309434, -13.92652036487905 ], [ 27.393588673190905, -13.896964052078969 ], [ 27.376218868620125, -13.885815975208812 ], [ 27.376820532349658, -13.877968829901405 ], [ 27.388422557213378, -13.87708751784416 ], [ 27.379907335905347, -13.852444721312089 ], [ 27.388721106009839, -13.838475383119709 ], [ 27.382533966676974, -13.814951539666835 ], [ 27.354784199066767, -13.808316583740522 ], [ 27.361670713679246, -13.801091177347001 ], [ 27.356843436836964, -13.783312125840519 ], [ 27.342891859364482, -13.767242510306142 ], [ 27.355792921790883, -13.748461641633062 ], [ 27.342889027874694, -13.723307797730588 ], [ 26.838118871277871, -13.721092371937759 ], [ 26.788080333908493, -13.691523173169355 ], [ 26.779437673102695, -13.670473076379514 ], [ 26.78960497886321, -13.597872150999292 ], [ 26.848483757891877, -13.498368038591618 ], [ 26.861896464771508, -13.442630091901512 ], [ 26.917891822418031, -13.426875154205545 ], [ 26.928449907903563, -13.373585192926702 ], [ 26.964226743313237, -13.362021825951656 ], [ 26.974181508575853, -13.346759682165722 ], [ 26.978827067914249, -13.303315996172635 ], [ 26.948739247029231, -13.250897648217396 ], [ 26.954078636346992, -13.219075415282139 ], [ 27.028331440066239, -13.144825111423694 ], [ 27.074020802852175, -13.129850741208488 ], [ 27.086830490444516, -13.06989935601338 ], [ 27.082121409435732, -13.055077654214674 ], [ 27.088101744013766, -13.018270526637862 ], [ 27.113657179811483, -12.999357044322467 ], [ 27.117709735179666, -12.978492162611882 ], [ 27.090991204769562, -12.980282339226317 ], [ 27.071955709862966, -13.00197683032096 ], [ 27.035796166091089, -13.000165988648764 ], [ 27.041746302902531, -12.981186132947032 ], [ 27.021984169745778, -12.974369755882229 ], [ 27.019396943574097, -12.958626896948999 ], [ 26.997142961074289, -12.94649131431312 ], [ 26.9492813111329, -12.94303160226008 ], [ 26.874126267390082, -12.888327611787142 ], [ 26.90252986030508, -12.860016885781869 ], [ 26.918483296557319, -12.822669309773945 ], [ 26.890635186779701, -12.790365245872547 ], [ 26.87289208369932, -12.786426263229231 ], [ 26.851296596845479, -12.74466972019483 ], [ 26.867225323139191, -12.720704342637715 ], [ 26.868052669719219, -12.675951059166518 ], [ 26.885761260424715, -12.636002583007595 ], [ 26.935365509964921, -12.633883025424446 ], [ 26.954248911110785, -12.62467533071375 ], [ 26.967703500143887, -12.593216639170501 ], [ 27.00110061661924, -12.558303527701055 ], [ 27.043416179387563, -12.533076341420106 ], [ 27.098592416327115, -12.525712719788345 ], [ 27.065461202074172, -12.483420863246872 ], [ 27.063811085830462, -12.453419004184088 ], [ 27.084626600557375, -12.415751282877538 ], [ 27.060620455892547, -12.333946541268727 ], [ 27.11875680069506, -12.346763304590739 ], [ 27.247935473697659, -12.35307858069009 ], [ 27.298372776814919, -12.368184974341501 ], [ 27.306118706964774, -12.327933993380013 ], [ 27.33377994290877, -12.313657224801842 ], [ 27.356384820833298, -12.320646894245876 ], [ 27.362507073954848, -12.287567751886513 ], [ 27.393072626992801, -12.283387499587178 ], [ 27.428709479728376, -12.257865457804087 ], [ 27.440792854260675, -12.264984247410869 ], [ 27.449756280996574, -12.248454484670294 ], [ 27.462068068359514, -12.249848095382022 ], [ 27.460404310299918, -12.265641826792884 ], [ 27.474379853027532, -12.25588698832275 ], [ 27.476471429249639, -12.260578647167724 ], [ 27.47789750566151, -12.267917905202335 ], [ 27.464444857887703, -12.265827630045964 ], [ 27.464159642784995, -12.273073844186529 ], [ 27.447379489671757, -12.269636560401809 ], [ 27.472811168166011, -12.289562878828137 ], [ 27.465011958936675, -12.303467427922241 ], [ 27.480345207299905, -12.277071272203232 ], [ 27.502236246170387, -12.283448226743094 ], [ 27.483984515179536, -12.311662722254919 ], [ 27.496715898425187, -12.315999254069659 ], [ 27.532782834874382, -12.282301404961746 ], [ 27.558185937061136, -12.279791852052229 ], [ 27.572873656061201, -12.266760719999009 ], [ 27.584406473817108, -12.272523777127899 ], [ 27.622770103308824, -12.264075255963409 ], [ 27.650922915342619, -12.284833745672289 ], [ 27.668828844356458, -12.280110671845254 ], [ 27.684648758618092, -12.285971600817428 ], [ 27.70036344332906, -12.278911046718216 ], [ 27.721725592787806, -12.286519986991218 ], [ 27.728986621330424, -12.279665096984864 ], [ 27.762697231873648, -12.293218943055569 ], [ 27.770881067368283, -12.272078300907772 ], [ 27.8023295098203, -12.26323645168433 ], [ 27.81507779396971, -12.251191408906298 ], [ 27.818194486271562, -12.231305081143883 ], [ 27.811036145945682, -12.223326550063234 ], [ 27.817168994696029, -12.222147433874548 ], [ 27.841599852047437, -12.236080294597715 ], [ 27.931963858640664, -12.241169831571014 ], [ 27.929651473826777, -12.271528150135619 ], [ 27.942279108843653, -12.279819587587518 ], [ 27.961019489213097, -12.314495398762102 ], [ 27.946431347563983, -12.33893270970326 ], [ 27.949940143707543, -12.355560173841141 ], [ 27.965795065315827, -12.361275925883852 ], [ 27.990889476726558, -12.338520203932012 ], [ 28.042918151657837, -12.355324468678024 ], [ 28.056621550668474, -12.344835433181599 ], [ 28.078997324957861, -12.348745429253347 ], [ 28.122427632315066, -12.439039157345768 ], [ 28.151044276869403, -12.42651864104532 ], [ 28.141746032755766, -12.415210178045117 ], [ 28.145644367152624, -12.398260668642385 ], [ 28.164385238002247, -12.389150906940792 ], [ 28.169351998953612, -12.378292107878723 ], [ 28.186504662753926, -12.37834851889558 ], [ 28.189276808923513, -12.401334785651857 ], [ 28.220290208063194, -12.404155048668176 ], [ 28.230396995221348, -12.422542404248416 ], [ 28.25765644258653, -12.407962355263589 ], [ 28.28015126790558, -12.426857040809695 ], [ 28.299527420137583, -12.417015054839602 ], [ 28.322946287592195, -12.419637737759116 ], [ 28.341542775819438, -12.433709549598689 ], [ 28.348819664118377, -12.45347647697241 ], [ 28.360543537365565, -12.449951816260425 ], [ 28.374693037949637, -12.460412875332706 ], [ 28.399382473558948, -12.500645952211489 ], [ 28.448010560710834, -12.516404782799006 ], [ 28.437412872996031, -12.554007844075089 ], [ 28.523782588052086, -12.613501897898603 ], [ 28.520750550287673, -12.62299825065806 ], [ 28.534611288321997, -12.637284382294869 ], [ 28.519970883587952, -12.653203883819906 ], [ 28.513502540130155, -12.686025918947381 ], [ 28.467126825839593, -12.690082596417746 ], [ 28.451013719435494, -12.720195780903149 ], [ 28.49564335674874, -12.776996327820786 ], [ 28.506286517183252, -12.7837500997632 ], [ 28.51036882565197, -12.778524831256643 ], [ 28.543027291605178, -12.82352258574775 ], [ 28.536429989598457, -12.852770366648468 ], [ 28.543027294300135, -12.867908223403635 ], [ 28.556768633656784, -12.878390473716513 ], [ 28.563293037378209, -12.896191530869517 ], [ 28.580497050676811, -12.899069426747586 ], [ 28.609328353956499, -12.8335091492396 ], [ 28.634548315707963, -12.817293578709286 ], [ 28.653641474370946, -12.814717572868796 ], [ 28.675496534816013, -12.846623062353904 ], [ 28.728993400077986, -12.881333972092076 ], [ 28.727612447839483, -12.891693633303978 ], [ 28.753910572086564, -12.941671503325425 ], [ 28.782790474223088, -12.938687155929497 ], [ 28.800862928432704, -12.983390086862141 ], [ 28.817194181720382, -12.986490907589923 ], [ 28.825660016349016, -13.005036522646273 ], [ 28.828121713739556, -13.062244219910029 ], [ 28.841510938657656, -13.071192691787637 ], [ 28.823258360555474, -13.079848423589539 ], [ 28.824459189799708, -13.087743587870859 ], [ 28.847575120187674, -13.110550420111053 ], [ 28.8378011462659, -13.127910374337979 ], [ 28.838388788192134, -13.145633726826958 ], [ 28.847455036095447, -13.15557308529073 ], [ 28.866908441645265, -13.150135722347299 ], [ 28.873272829363451, -13.163348892290211 ], [ 28.895488136695327, -13.15516382577918 ], [ 28.916502618376189, -13.185681035962952 ], [ 28.923107169787279, -13.215668375748757 ], [ 28.91713822584704, -13.226013300597714 ], [ 28.939798673555018, -13.274638564660354 ], [ 28.948804878963031, -13.323428640854425 ], [ 28.960633031343345, -13.339027705650221 ], [ 28.96243427116729, -13.376648269759821 ], [ 28.97636387225468, -13.379276817435164 ], [ 28.997198228246379, -13.368587215215793 ], [ 28.996657856568675, -13.379627285961089 ], [ 28.983148545761686, -13.389323443097364 ], [ 28.986210657325188, -13.403458100005281 ], [ 29.005604021278049, -13.423256905975711 ], [ 29.040908350933101, -13.405151867063676 ], [ 29.072643380215258, -13.403785096778163 ], [ 29.02874463916665, -13.430546890317558 ], [ 28.951298629141206, -13.51031182797418 ], [ 28.906442263338477, -13.529376966194526 ], [ 28.836216440849579, -13.584317398284082 ], [ 28.833115561591701, -13.594851859940448 ], [ 28.701034448974109, -13.633490228629332 ], [ 28.711435339166382, -13.643088845722996 ], [ 28.712136140970657, -13.656170188400237 ], [ 28.686492039657796, -13.676032709739141 ], [ 28.675148404405757, -13.701555367208291 ], [ 28.644191780588624, -13.733514965167341 ], [ 28.650989505718428, -13.859980933655978 ], [ 28.553643133373587, -13.859625209858082 ], [ 28.533934028666359, -13.867877343573175 ] ] ] } },
{ "type": "Feature", "properties": { "PROVINCE": "Eastern" }, "geometry": { "type": "Polygon", "coordinates": [ [ [ 30.901320088573865, -14.765951415420874 ], [ 30.799808294731928, -14.789302044335944 ], [ 30.684185944968352, -14.829005916268553 ], [ 30.479407314222261, -14.90934153335238 ], [ 30.38414348284439, -14.958247449984791 ], [ 30.215698551355963, -14.997935340097394 ], [ 30.214377743122359, -14.967976958223034 ], [ 30.197356148911879, -14.91520362069541 ], [ 30.210478779904804, -14.869680780686412 ], [ 30.201025370690484, -14.816310368138488 ], [ 30.184961110179966, -14.811397032576316 ], [ 30.184293114849858, -14.797191897588883 ], [ 30.142592227009658, -14.767740119371746 ], [ 30.091349600409842, -14.705465767395877 ], [ 30.056740547021747, -14.696750334791691 ], [ 30.050510553558286, -14.667014503782928 ], [ 30.009631985325754, -14.651587129040506 ], [ 30.013146031223851, -14.622696975006692 ], [ 29.991317568097749, -14.614132329258773 ], [ 29.978337939914901, -14.577976286307511 ], [ 29.987337939760923, -14.545776287417068 ], [ 30.006037939960045, -14.528176285929332 ], [ 29.995510229209234, -14.519061705859558 ], [ 30.02173100401874, -14.493483557976383 ], [ 30.014676684111194, -14.480338978184001 ], [ 30.028718774035081, -14.457656304818162 ], [ 30.030715279754038, -14.436969231786238 ], [ 30.044025319078163, -14.424079118855284 ], [ 30.063258322074692, -14.422081084766232 ], [ 30.061394917036441, -14.391077031266924 ], [ 30.076368709928609, -14.367740579749661 ], [ 30.10153793932443, -14.356976286322654 ], [ 30.129123155337517, -14.371446648636436 ], [ 30.153766581932892, -14.339630459061889 ], [ 30.14551435769566, -14.329636334296131 ], [ 30.16033793879761, -14.321476286923792 ], [ 30.175595044160698, -14.292492970668794 ], [ 30.201283418942371, -14.275337888202534 ], [ 30.230299300860107, -14.228090164969872 ], [ 30.267467581729111, -14.208220594780158 ], [ 30.283646526558677, -14.1843451403534 ], [ 30.315060235650222, -14.185924989081006 ], [ 30.316330416631036, -14.173939595052792 ], [ 30.301175254781324, -14.162346189080859 ], [ 30.312255860623239, -14.151585977232122 ], [ 30.301294788206302, -14.13646966223391 ], [ 30.304536040007125, -14.126433804867505 ], [ 30.287049978167186, -14.109362949131404 ], [ 30.28766556488533, -14.095808617657998 ], [ 30.270162866246341, -14.095808617657998 ], [ 30.257851080679995, -14.077686510375877 ], [ 30.234375500784893, -14.079090500240643 ], [ 30.183298229774394, -14.063678410130722 ], [ 30.162601120188441, -14.039307435416779 ], [ 30.16720972193772, -14.016854795416133 ], [ 30.153284094098858, -13.992817865241829 ], [ 30.1601387634345, -13.984277613837632 ], [ 30.153816495923348, -13.97244342930335 ], [ 30.123868909240681, -13.954133960365422 ], [ 30.115949436256066, -13.958089833060312 ], [ 30.113836467553778, -13.945979803276025 ], [ 30.094859679347625, -13.931255486672166 ], [ 30.892714903685118, -13.927557859836567 ], [ 30.894434801060086, -13.916428626843102 ], [ 30.921742378361586, -13.886398560422757 ], [ 30.947504228146958, -13.895341453588561 ], [ 30.944430822065414, -13.858148648286189 ], [ 30.970464901806043, -13.860305411823857 ], [ 30.980914590281181, -13.85411954961894 ], [ 30.981020892420307, -13.802958982279691 ], [ 31.014010790000956, -13.799485203597269 ], [ 31.045682141305903, -13.767825485690073 ], [ 31.065492261566838, -13.777830508424135 ], [ 31.077554484367454, -13.775118119128754 ], [ 31.072741477263463, -13.749897153184776 ], [ 31.120752686818175, -13.728944948639731 ], [ 31.144401772717167, -13.698812052761641 ], [ 31.128358424986466, -13.676007770772056 ], [ 31.124614976314266, -13.647080683964623 ], [ 31.142394058718391, -13.620601352678706 ], [ 31.196441196889143, -13.588475819043641 ], [ 31.216885852930769, -13.602163694192264 ], [ 31.266760616644085, -13.534156330128891 ], [ 31.2820918258316, -13.524013954270552 ], [ 31.305952917730878, -13.524463098049161 ], [ 31.326184806000878, -13.479823243846365 ], [ 31.362541831811534, -13.473967062039362 ], [ 31.38558431414522, -13.453998430299739 ], [ 31.420626145294467, -13.463763436048973 ], [ 31.428865218195956, -13.45443182434272 ], [ 31.426256086606063, -13.438491178227601 ], [ 31.437420339973936, -13.427404610393259 ], [ 31.46443911969137, -13.425512939258766 ], [ 31.486853641912223, -13.435006987174194 ], [ 31.537928773135732, -13.432472860678933 ], [ 31.576246611005836, -13.378706780631003 ], [ 31.58658565758067, -13.372602255991129 ], [ 31.618601052859638, -13.376325111190811 ], [ 31.616937299291592, -13.357849015894937 ], [ 31.64210753390223, -13.346610046951918 ], [ 31.633574850243392, -13.322118384797342 ], [ 31.659695799766975, -13.312751232428958 ], [ 31.658721315431595, -13.301718340710234 ], [ 31.646861121043408, -13.298202511683918 ], [ 31.65967203214117, -13.276852017429505 ], [ 31.647692998725766, -13.253903342994217 ], [ 31.648334732706857, -13.232086215915356 ], [ 31.721112122742216, -13.187034499070352 ], [ 31.7150275350822, -13.177199300330013 ], [ 31.733257533131404, -13.165766833199561 ], [ 31.737797208047258, -13.142506821707498 ], [ 31.729977561246891, -13.118457589260114 ], [ 31.751677677576794, -13.112809497754537 ], [ 31.739056910180267, -13.100725848624565 ], [ 31.741077182626693, -13.091581698151321 ], [ 31.7636098737316, -13.094423367646172 ], [ 31.765396951615106, -13.114234562264375 ], [ 31.779379194876466, -13.098648189653554 ], [ 31.80897026178242, -13.10339379508776 ], [ 31.810396337295959, -13.071214489026962 ], [ 31.836956994184771, -13.076655171127069 ], [ 31.844206212576381, -13.059927587699008 ], [ 31.866666902812927, -13.048929596103404 ], [ 31.862982875001826, -13.021548261727057 ], [ 31.870030761175297, -13.021374587410996 ], [ 31.867713388016625, -13.038046892396851 ], [ 31.878253766809607, -13.044414491433477 ], [ 31.900773876110627, -13.005916968581852 ], [ 31.890375408674696, -12.977488647373656 ], [ 31.910756407400367, -12.966371189095172 ], [ 31.904940557944094, -12.92815100108408 ], [ 31.921102745600372, -12.935795479626353 ], [ 31.927163567431212, -12.909444207620442 ], [ 31.939760568998565, -12.921317102657035 ], [ 31.945880808097289, -12.904868650050659 ], [ 31.953724225218387, -12.908285845833394 ], [ 31.968447135719682, -12.898439847766911 ], [ 31.982046614923295, -12.90266646677409 ], [ 31.990090916901476, -12.891396089432938 ], [ 31.98296054023211, -12.875478584347182 ], [ 32.003709938055778, -12.877563903596306 ], [ 32.002283864338871, -12.861019887831516 ], [ 31.98410139974461, -12.855180561772523 ], [ 32.002569079441578, -12.851079049788284 ], [ 32.005706442876438, -12.833073316953859 ], [ 32.0201811111355, -12.83008382219357 ], [ 32.019396768704723, -12.815900623102459 ], [ 32.032374054979634, -12.803037717602599 ], [ 32.030377551955603, -12.789200671287642 ], [ 32.048773924283637, -12.796362653913361 ], [ 32.043925269334224, -12.770564653620545 ], [ 32.035440119130371, -12.770077875342505 ], [ 32.061679907681174, -12.742955792862436 ], [ 32.050057393144151, -12.742329866123571 ], [ 32.049201748734326, -12.730228274603006 ], [ 32.061893819906537, -12.702267227693268 ], [ 32.070949399417515, -12.699276187908772 ], [ 32.064032932278515, -12.689537671378178 ], [ 32.086160873059107, -12.669572550231143 ], [ 32.099756125689311, -12.669363847311827 ], [ 32.094146894138305, -12.653617878314343 ], [ 32.101301040230105, -12.630124665287788 ], [ 32.125211571809373, -12.612358371788266 ], [ 32.109952563814495, -12.602755710239823 ], [ 32.133078755657934, -12.56605817388056 ], [ 32.130036460929631, -12.549447450971705 ], [ 32.145319237448611, -12.547313035144784 ], [ 32.132650932105584, -12.533786920163079 ], [ 32.13462367109706, -12.511187674727681 ], [ 32.147196903241984, -12.506314888386822 ], [ 32.154683798789769, -12.49002519270659 ], [ 32.139543630720439, -12.467445328830882 ], [ 32.148793143026538, -12.450772565858037 ], [ 32.143619006890127, -12.424606785780766 ], [ 32.15473536208706, -12.411753747761608 ], [ 32.174259173097262, -12.412973177656712 ], [ 32.171534919708762, -12.397009272220007 ], [ 32.194577559247641, -12.39401593018637 ], [ 32.182885974146728, -12.386255254588187 ], [ 32.196610418887836, -12.375481138957428 ], [ 32.193496821282153, -12.346274210688675 ], [ 32.204667746437629, -12.343627318644661 ], [ 32.206878164381948, -12.331715964607891 ], [ 32.221756885872637, -12.337544004585373 ], [ 32.227366113830392, -12.327188116112954 ], [ 32.219879218282635, -12.318039300112408 ], [ 32.262193597071416, -12.297362746040891 ], [ 32.266209449073727, -12.266952245753229 ], [ 32.279372514135908, -12.274037441231796 ], [ 32.276472178375315, -12.248965888979017 ], [ 32.285284739347411, -12.243842278916311 ], [ 32.28600329904824, -12.214729963764654 ], [ 32.307504371169074, -12.193731160179937 ], [ 32.293683229075839, -12.18827758499155 ], [ 32.295924205011161, -12.177471711426051 ], [ 32.281738228334945, -12.15538625943058 ], [ 32.27240614198962, -12.154390932054211 ], [ 32.283257450160285, -12.138739826272094 ], [ 32.278092535230279, -12.106152242364868 ], [ 32.302968504211684, -12.0931725904301 ], [ 32.308769199089092, -12.081064913681681 ], [ 32.333644836592171, -12.081229583086758 ], [ 32.352539663410113, -12.053084083642343 ], [ 32.350353750608448, -12.036353241601665 ], [ 32.366339756179592, -12.038954398380996 ], [ 32.371388368924748, -12.025404490179234 ], [ 32.383285025031952, -12.032788648851984 ], [ 32.386219546180719, -12.023167010950541 ], [ 32.376239885008303, -12.016481208911836 ], [ 32.380493524659606, -12.005080205216375 ], [ 32.373527537890574, -11.997716696679921 ], [ 32.381446230239249, -11.995172227024673 ], [ 32.380372721016833, -11.984813364178798 ], [ 32.392122428913247, -11.983309309378431 ], [ 32.385791831324475, -11.971630399617359 ], [ 32.399279154966543, -11.963852952977595 ], [ 32.396416119053164, -11.954610182088389 ], [ 32.414542012242407, -11.946035910012627 ], [ 32.407254321702176, -11.936542466107836 ], [ 32.417885421355656, -11.9299486369713 ], [ 32.409796123663227, -11.925224448333884 ], [ 32.430518129158934, -11.906222042292979 ], [ 32.421520597883301, -11.894545934625027 ], [ 32.43496783600245, -11.895400665934106 ], [ 32.418953691603328, -11.878288390250814 ], [ 32.425559915677489, -11.874898835606457 ], [ 32.420665000185885, -11.869566138707178 ], [ 32.445850428901196, -11.852871632647688 ], [ 32.446405720697456, -11.83160368059065 ], [ 32.455618676961372, -11.83707113485953 ], [ 32.478207228005587, -11.813667411203744 ], [ 32.489283034148905, -11.820312733716532 ], [ 32.488974109810904, -11.805920250429365 ], [ 32.495835121252455, -11.813480889600941 ], [ 32.510338442175836, -11.805545060697119 ], [ 32.495531458347088, -11.800545963430555 ], [ 32.506797456700681, -11.797963488952583 ], [ 32.499310579119204, -11.789308456985193 ], [ 32.51180816143912, -11.796365941594541 ], [ 32.504658373074776, -11.782747221943701 ], [ 32.513392341340975, -11.784898869028153 ], [ 32.528247777601202, -11.769600154607474 ], [ 32.542177310416641, -11.776905037077059 ], [ 32.549437205285358, -11.741631259318293 ], [ 32.538599057433601, -11.728506321365453 ], [ 32.559990205408056, -11.716986634007986 ], [ 32.56412585404172, -11.700299642104623 ], [ 32.590436939181686, -11.698973066232643 ], [ 32.584162233871595, -11.686893493076996 ], [ 32.598708213092841, -11.678176822882323 ], [ 32.574464997634642, -11.64610070692544 ], [ 32.542996290986437, -11.6375805484026 ], [ 32.538626500965535, -11.609361684436388 ], [ 32.490729489741298, -11.574537344020728 ], [ 32.477617004321189, -11.529608976939876 ], [ 32.459880105006164, -11.51130019303476 ], [ 32.454415184212309, -11.513727092088624 ], [ 32.441158378153617, -11.48949217972905 ], [ 32.411575919803028, -11.48933108042927 ], [ 32.399472246938579, -11.481315727811252 ], [ 32.384860067270765, -11.485920216331536 ], [ 32.34920636932695, -11.459112582716891 ], [ 32.30593627021247, -11.454193277077749 ], [ 32.301747791656929, -11.447903342784553 ], [ 32.28244367173432, -11.449868066595661 ], [ 32.263087992107636, -11.465568797622335 ], [ 32.234326375636115, -11.46625183940828 ], [ 32.225347265213692, -11.457437318048969 ], [ 32.222353440883175, -11.39711757209971 ], [ 32.228843938592526, -11.365464981806817 ], [ 32.240608759745264, -11.351073761691399 ], [ 32.250698099823957, -11.289036810204411 ], [ 32.236529327682085, -11.26455783706762 ], [ 32.244118923124709, -11.225288691965229 ], [ 32.26943421678908, -11.196875121778245 ], [ 32.262929432273459, -11.149535008172741 ], [ 32.283412343969808, -11.108989766094524 ], [ 32.370935909075691, -11.031043992608213 ], [ 32.324057007071971, -10.962065093682867 ], [ 32.331232806155377, -10.942458852361018 ], [ 32.366632313213145, -10.919531198799081 ], [ 32.388475513201492, -10.837025496104321 ], [ 32.405080790380069, -10.832592490953511 ], [ 32.387084277049617, -10.801142639812866 ], [ 32.36550907056165, -10.791533604905384 ], [ 32.355855381056394, -10.777259408705754 ], [ 32.338007278394045, -10.717423727049871 ], [ 32.301037939326172, -10.701376287266648 ], [ 32.287837940031096, -10.658476287948389 ], [ 32.296237939827485, -10.643176287954487 ], [ 32.348062778037679, -10.599133335796701 ], [ 32.353827277995634, -10.583607701749635 ], [ 32.385588290149101, -10.568193597574842 ], [ 32.386281078981035, -10.552827407953316 ], [ 32.480033355654484, -10.502497648161267 ], [ 32.513532405761779, -10.464862591800328 ], [ 32.53109804665776, -10.461784032617111 ], [ 32.543917204289833, -10.447810968852535 ], [ 32.558195399318151, -10.454852024707209 ], [ 32.578485548724203, -10.439923235828063 ], [ 32.59326903532007, -10.442420965148248 ], [ 32.600729842893642, -10.434380748074757 ], [ 32.609989314821298, -10.440745058594512 ], [ 32.608506525968934, -10.425591426772954 ], [ 32.620632175218503, -10.412037767075303 ], [ 32.815406491427545, -10.317648864400283 ], [ 32.918035714024491, -10.358037958820606 ], [ 32.935015778221057, -10.379768667560711 ], [ 32.958216065804095, -10.354884277183771 ], [ 32.975819365873427, -10.348164483805235 ], [ 32.975259074952618, -10.334604608826233 ], [ 33.012822337865529, -10.330541853611473 ], [ 33.032638220819017, -10.349347260563848 ], [ 33.031439870924942, -10.414362882223092 ], [ 33.039916991986814, -10.423095703063861 ], [ 33.094116212240202, -10.426574705775423 ], [ 33.124084473649127, -10.419494627795073 ], [ 33.144714356014134, -10.426208495213031 ], [ 33.168273926591695, -10.418579100975576 ], [ 33.187683106283444, -10.431701659658748 ], [ 33.214506509613095, -10.416414660784751 ], [ 33.197626622842044, -10.460059186667589 ], [ 33.197257316445608, -10.480810835254649 ], [ 33.225851925326012, -10.541293948698685 ], [ 33.228384283298482, -10.567433921316351 ], [ 33.218793583660961, -10.599332770128711 ], [ 33.23054732768793, -10.64257392360982 ], [ 33.223794351235711, -10.671764118274734 ], [ 33.234820679969829, -10.715466406152299 ], [ 33.228173214240996, -10.760717280795658 ], [ 33.241264478759135, -10.787044494288777 ], [ 33.247753662233237, -10.785593378964881 ], [ 33.242425146123672, -10.779633378828343 ], [ 33.247806421188194, -10.769993471951999 ], [ 33.262420272620737, -10.766313642708912 ], [ 33.273552124654628, -10.745996025260796 ], [ 33.285158794706682, -10.743767223415215 ], [ 33.285580854668197, -10.751075557917254 ], [ 33.320928441797449, -10.750142587733619 ], [ 33.325096289644179, -10.766624617001829 ], [ 33.339657384816718, -10.76341120873667 ], [ 33.347412751768609, -10.773414120024059 ], [ 33.3549570891889, -10.76807582112405 ], [ 33.360549392886703, -10.791916036826169 ], [ 33.379750414960796, -10.796230308093579 ], [ 33.413834431811438, -10.788201116329173 ], [ 33.451160216095843, -10.753455198128059 ], [ 33.527647693170366, -10.71680067501233 ], [ 33.544841587845625, -10.681465595017928 ], [ 33.57748698870131, -10.644752416906888 ], [ 33.583536845695818, -10.61516381307036 ], [ 33.611913558322598, -10.583023661342846 ], [ 33.629592546844506, -10.597322441428771 ], [ 33.653881595246851, -10.590355235651829 ], [ 33.662390490618613, -10.597849484825581 ], [ 33.709000996676679, -10.566946986407876 ], [ 33.68508801628996, -10.604545193294234 ], [ 33.667802709949726, -10.617853804369496 ], [ 33.649365051949552, -10.620685348348061 ], [ 33.619115767875371, -10.660607331231743 ], [ 33.600678108976872, -10.655369637354552 ], [ 33.55069476589518, -10.731095054227188 ], [ 33.536578433806312, -10.731378103896104 ], [ 33.531392843251737, -10.763927102141849 ], [ 33.504888708360568, -10.774964661903081 ], [ 33.496678186613792, -10.789822274649129 ], [ 33.476656043284549, -10.794208667982922 ], [ 33.466428903437908, -10.813875901909919 ], [ 33.435603441737115, -10.819818265715298 ], [ 33.395271063570384, -10.804962134607099 ], [ 33.358894808422761, -10.827210392634754 ], [ 33.336000662196987, -10.821060238374161 ], [ 33.314134133859007, -10.864940188645466 ], [ 33.288536601210481, -10.87648891637841 ], [ 33.284286090391312, -10.864708284055173 ], [ 33.266811758752368, -10.864105326160541 ], [ 33.245458860144403, -10.891403423333561 ], [ 33.251655232361728, -10.907349253027585 ], [ 33.279432067109781, -10.899481349073451 ], [ 33.310841258573753, -10.940077489436822 ], [ 33.306978125559631, -10.985662682819667 ], [ 33.329788128389374, -11.067537212113736 ], [ 33.373969715683316, -11.111403921341951 ], [ 33.37994722505978, -11.143279657673983 ], [ 33.40455554818881, -11.153298521177641 ], [ 33.382060323119454, -11.231290122589977 ], [ 33.356175407733424, -11.25335369597957 ], [ 33.338302490009646, -11.307145453223859 ], [ 33.309952345057425, -11.333433257431317 ], [ 33.314574652402982, -11.36243768469798 ], [ 33.288947962236968, -11.36678306172673 ], [ 33.277237939214828, -11.377076287389242 ], [ 33.283537939286724, -11.435876288074676 ], [ 33.249926995027678, -11.418459820153453 ], [ 33.230537940293232, -11.428776286415919 ], [ 33.242237940811719, -11.531676286064702 ], [ 33.223737940629142, -11.5613762869623 ], [ 33.220737940381014, -11.591876286695941 ], [ 33.267309140653843, -11.575189522779789 ], [ 33.276447341814766, -11.583438149077022 ], [ 33.288988683767094, -11.576621206264688 ], [ 33.296651777569629, -11.590088218754403 ], [ 33.311686949650245, -11.593304460677762 ], [ 33.320381021938054, -11.63199231770268 ], [ 33.311902088075939, -11.672152536852542 ], [ 33.314392334824497, -11.728512601424299 ], [ 33.324267837238025, -11.754894488279708 ], [ 33.322743901054046, -11.778469018394807 ], [ 33.335461538279212, -11.795339982721226 ], [ 33.331665584875289, -11.820507496420335 ], [ 33.304736693280155, -11.864452800415961 ], [ 33.32490950204884, -11.906828802763101 ], [ 33.311466890253406, -11.949731974636736 ], [ 33.310250308152305, -11.993193995669323 ], [ 33.273858010890351, -12.063663876234754 ], [ 33.256474763929639, -12.136159397198318 ], [ 33.276916167171642, -12.156968207413447 ], [ 33.307283523111821, -12.161699500965771 ], [ 33.314221608208143, -12.200300802867991 ], [ 33.311216131830037, -12.247311157278158 ], [ 33.329894883279444, -12.256967744860347 ], [ 33.335415598435588, -12.280316565611427 ], [ 33.374438486242973, -12.33170950730862 ], [ 33.391142142419881, -12.340632695385537 ], [ 33.424266338135496, -12.340153581059498 ], [ 33.473875127761175, -12.321848483416227 ], [ 33.484891056699233, -12.331992650692355 ], [ 33.51670131898814, -12.339199548043482 ], [ 33.537571284197675, -12.332097628623103 ], [ 33.540335415598285, -12.348722017580208 ], [ 33.549582239246739, -12.353978765359354 ], [ 33.548533763376334, -12.370101100809935 ], [ 33.511142729961264, -12.388927398950884 ], [ 33.502901422051359, -12.407792917675716 ], [ 33.474321585965818, -12.414045707337914 ], [ 33.469426423437518, -12.427436451853085 ], [ 33.480730815786352, -12.452783644818785 ], [ 33.430564944920405, -12.476752908791006 ], [ 33.408175544984772, -12.502721094640606 ], [ 33.415537722031772, -12.509299679898492 ], [ 33.41236971885921, -12.519224511873176 ], [ 33.366007070564457, -12.557641973300246 ], [ 33.33260232200243, -12.543624600868181 ], [ 33.317200041702883, -12.525370103967761 ], [ 33.266232702025292, -12.540964206925716 ], [ 33.264875784212201, -12.553250248822836 ], [ 33.236103315193745, -12.590438986959439 ], [ 33.202253961651543, -12.6064362366316 ], [ 33.180397514207698, -12.640644852311961 ], [ 33.174982825407866, -12.636201235434131 ], [ 33.182301600351899, -12.608042700307614 ], [ 33.143330876814765, -12.59266492077308 ], [ 33.113870935194207, -12.613336345374428 ], [ 33.09547790909059, -12.604052068310233 ], [ 33.089659290128338, -12.591688433225006 ], [ 33.054992984412223, -12.609260499644497 ], [ 33.027331477177007, -12.649739200706341 ], [ 33.020220777205594, -12.648900712734866 ], [ 33.009350714906759, -12.701069152370073 ], [ 32.996201077861429, -12.724460540181875 ], [ 32.975351252880543, -12.73455714022524 ], [ 32.938185878959814, -12.771485969597489 ], [ 32.954520673406343, -12.821353278072838 ], [ 32.946039680605587, -12.846879660948643 ], [ 32.976056698076547, -12.881693445658703 ], [ 33.008061342318186, -12.883601200054605 ], [ 33.022877283248626, -12.891258499277342 ], [ 33.028210772431621, -12.90720423358335 ], [ 33.009990583086982, -12.973045777608347 ], [ 33.015194385187336, -12.986494747702693 ], [ 32.986737256274658, -13.029650494981599 ], [ 32.99751995471717, -13.053826385045561 ], [ 32.972819248844338, -13.113967733867428 ], [ 32.982231411912394, -13.144460529950351 ], [ 32.97896273364762, -13.159892924263477 ], [ 33.019749738399874, -13.19585010568613 ], [ 33.012144002028201, -13.214870729229609 ], [ 32.98205382665882, -13.229143470335098 ], [ 32.971107189270207, -13.258505930636577 ], [ 32.958798259448166, -13.259568669295831 ], [ 32.943061069244379, -13.274981977891034 ], [ 32.949034468828422, -13.279097048858274 ], [ 32.919602622018388, -13.410884021670491 ], [ 32.886413975774381, -13.459036277246893 ], [ 32.849031473659572, -13.462174710854624 ], [ 32.849296963555247, -13.517239242365765 ], [ 32.796697102935397, -13.55112693622087 ], [ 32.769573407179323, -13.55690097211771 ], [ 32.751513409009426, -13.58323131843188 ], [ 32.729927941964277, -13.584682598110446 ], [ 32.695974000268478, -13.570873641240878 ], [ 32.680107419426136, -13.610338181014319 ], [ 32.729423482236705, -13.636106268694624 ], [ 32.753079838201273, -13.640723459863198 ], [ 32.774045562921764, -13.631661686273629 ], [ 32.802489085951187, -13.649632078590171 ], [ 32.805104570426785, -13.666895859777718 ], [ 32.829474428577122, -13.684837332836613 ], [ 32.849047928100639, -13.713009332851536 ], [ 32.832875337953375, -13.728752558943038 ], [ 32.811206058990528, -13.731646670917764 ], [ 32.798295373810824, -13.751432627598989 ], [ 32.785967007140947, -13.753657680619515 ], [ 32.780403487261509, -13.772197875141165 ], [ 32.79372825087146, -13.774147010126102 ], [ 32.80847843871635, -13.793290343586811 ], [ 32.818966251692132, -13.78321792508649 ], [ 32.827879225448385, -13.785410847332106 ], [ 32.874037939105662, -13.802676286794011 ], [ 32.909237939321955, -13.826276287240081 ], [ 32.919137938793263, -13.853576287762134 ], [ 32.960737940437198, -13.89517628725663 ], [ 32.959197012619626, -13.930674800904891 ], [ 32.979518587789229, -13.930905490808795 ], [ 33.003186490698496, -13.946036434247738 ], [ 33.008004022616561, -13.96258194814993 ], [ 32.996829580556707, -13.982856997060003 ], [ 32.99662889243065, -14.012621144195771 ], [ 33.029572177329548, -14.041558291158113 ], [ 33.038932266857223, -14.045132822353416 ], [ 33.057530855345576, -14.024793564363128 ], [ 33.065512819632943, -13.989714369686158 ], [ 33.077560993680848, -13.975129319997345 ], [ 33.10116163702979, -13.958271940374093 ], [ 33.12914396139908, -13.954709403368575 ], [ 33.142376369214674, -13.932772606206589 ], [ 33.158229618159865, -13.932612575858482 ], [ 33.185388330245729, -13.950995509265878 ], [ 33.195137940060391, -13.978576287775647 ], [ 33.206637940562366, -13.987776286759374 ], [ 33.241179676898007, -13.998671765223245 ], [ 32.682704737271742, -14.18795591796014 ], [ 32.450824858770183, -14.284623383150688 ], [ 32.254266495593377, -14.32220057821927 ], [ 32.057905765372368, -14.39169481682705 ], [ 31.94881645932664, -14.416447271706469 ], [ 31.826550759016566, -14.477387564597111 ], [ 31.685358992974578, -14.510468021176969 ], [ 31.503465578301981, -14.610481347269763 ], [ 31.428968063617887, -14.633123959835158 ], [ 31.273953657092747, -14.662121223631829 ], [ 31.086638636592678, -14.721667395702418 ], [ 30.901320088573865, -14.765951415420874 ] ] ] } },
{ "type": "Feature", "properties": { "PROVINCE": "Luapula" }, "geometry": { "type": "Polygon", "coordinates": [ [ [ 29.561278904078879, -12.182202680264865 ], [ 29.558533709164479, -12.19255264889833 ], [ 29.565500728097742, -12.198218234028435 ], [ 29.550859684661557, -12.203236148200862 ], [ 29.53003898216388, -12.231901483068656 ], [ 29.505843236380201, -12.232551874833167 ], [ 29.48245559795815, -12.24960088840853 ], [ 29.459638389741514, -12.309844296978323 ], [ 29.461444752657538, -12.335108045808839 ], [ 29.483501386069207, -12.389528284401337 ], [ 29.498427641913171, -12.401460214944715 ], [ 29.525808291773128, -12.392453283166972 ], [ 29.531179842574709, -12.404199375675722 ], [ 29.530324198164884, -12.422165693980091 ], [ 29.520674419924386, -12.434885284652182 ], [ 29.479460839379716, -12.460229761987364 ], [ 29.413148327101819, -12.436834945978729 ], [ 29.374847284134248, -12.412760032785632 ], [ 29.357500697420281, -12.413681225047208 ], [ 29.342574410135288, -12.432157560831401 ], [ 29.334303155088783, -12.430904181604193 ], [ 29.329894854291641, -12.419261909352208 ], [ 29.300129757663999, -12.410545396267834 ], [ 29.304883352890052, -12.393971087302086 ], [ 29.269284870793506, -12.360598745061724 ], [ 29.254406122353334, -12.377407329611048 ], [ 29.17989583182926, -12.371736004943212 ], [ 29.125205726290563, -12.395136719026143 ], [ 29.107160058944395, -12.375227816034617 ], [ 29.091615834050184, -12.376806477671098 ], [ 29.079018833381127, -12.388413989651132 ], [ 29.043842305244901, -12.384699641780662 ], [ 29.030294587866273, -12.371048962285277 ], [ 29.035571067266371, -12.350432297139589 ], [ 29.013039074152442, -12.324566300351785 ], [ 29.007097092247154, -12.285971535864547 ], [ 28.989556365227237, -12.2723621633906 ], [ 28.922388206742891, -12.177123369806592 ], [ 28.863015930128064, -12.144966742172658 ], [ 28.832117624939201, -12.092587740631499 ], [ 28.775740106902806, -12.045358834109026 ], [ 28.777166183314673, -12.025181745140335 ], [ 28.763475858384691, -12.013465321248921 ], [ 28.76588168415779, -11.993411107415739 ], [ 28.75441042974494, -11.979199896777143 ], [ 28.743049361786493, -11.977060858396969 ], [ 28.720612440972346, -11.990266827993707 ], [ 28.700029417427501, -11.984361420146625 ], [ 28.634287336253315, -11.941392213221036 ], [ 28.616461391435738, -11.908137553096617 ], [ 28.577386923263081, -11.911021335075381 ], [ 28.513641346909523, -11.877204738628688 ], [ 28.495387581234546, -11.884042822143559 ], [ 28.494294256075289, -11.847105832771879 ], [ 28.482647973014135, -11.832636708035421 ], [ 28.469575612642846, -11.828030620095099 ], [ 28.452652851079929, -11.840127249856906 ], [ 28.436490661627023, -11.81849251530152 ], [ 28.44171960487725, -11.790760331809127 ], [ 28.455314859304078, -11.775217917046815 ], [ 28.445665081961881, -11.750646077784642 ], [ 28.418712252959352, -11.724256833120785 ], [ 28.437916738038894, -11.69800471229588 ], [ 28.420613688175159, -11.679477779000848 ], [ 28.433923724804355, -11.651359163776469 ], [ 28.420661224325062, -11.626217594174758 ], [ 28.406067717937052, -11.619000611802804 ], [ 28.387386127811386, -11.591760647669165 ], [ 28.385294550690947, -11.54519045415377 ], [ 28.398271837864158, -11.504947578717429 ], [ 28.396703154799265, -11.473317485337986 ], [ 28.422610193894112, -11.44909174486674 ], [ 28.433210689742509, -11.416383705736227 ], [ 28.427221171687343, -11.387726130347968 ], [ 28.456408183565003, -11.370576799991291 ], [ 28.461922341019605, -11.343778904666435 ], [ 28.452320100725643, -11.331800598043074 ], [ 28.453746176239182, -11.298706171735235 ], [ 28.471286905055724, -11.286026730065668 ], [ 28.476230634101537, -11.259640510806159 ], [ 28.489540669832405, -11.240059065602612 ], [ 28.481126825200818, -11.20070566887375 ], [ 28.498667554915688, -11.179068342275734 ], [ 28.499713343026741, -11.146609328349831 ], [ 28.476801063408622, -11.102485377381745 ], [ 28.493200930916032, -11.084339446666432 ], [ 28.497669301157877, -11.047810937703971 ], [ 28.512643094050045, -11.020283258196589 ], [ 28.51031383707851, -10.970213609014099 ], [ 28.540308958114419, -10.947719165657203 ], [ 28.547497046150916, -10.850948548167134 ], [ 28.559880133696279, -10.822188639251275 ], [ 28.579655048981238, -10.812290108128758 ], [ 28.582530969430714, -10.788522966111609 ], [ 28.603351671928394, -10.768489868276562 ], [ 28.607558592896709, -10.726504770275866 ], [ 28.623197888294072, -10.715435424216601 ], [ 28.664696685738075, -10.723001854691351 ], [ 28.662723949441553, -10.683929944073922 ], [ 28.685699526151183, -10.680539948136175 ], [ 28.698303222862371, -10.668395996304364 ], [ 28.684661742029341, -10.634855231782842 ], [ 28.658374418226931, -10.626398912987266 ], [ 28.67358589007193, -10.562875617665597 ], [ 28.658089201327591, -10.536308280167066 ], [ 28.629353780628097, -10.518525344950588 ], [ 28.642093388848473, -10.501909874859621 ], [ 28.632990274984252, -10.465450862984506 ], [ 28.646846975091357, -10.447827469401856 ], [ 28.643828447988824, -10.423003435579233 ], [ 28.627285971133464, -10.40568153924783 ], [ 28.618444303847816, -10.365376943668828 ], [ 28.632087092627927, -10.335238623110275 ], [ 28.634820402831124, -10.301402632078318 ], [ 28.628022779210966, -10.288400413567416 ], [ 28.610933638877633, -10.285032844431669 ], [ 28.608057720224778, -10.263914568604843 ], [ 28.575234213990935, -10.225392885066103 ], [ 28.611100014953085, -10.178327880253335 ], [ 28.610505818020197, -10.164571981906469 ], [ 28.627642490011851, -10.162326065873875 ], [ 28.628925120744174, -10.064005440621624 ], [ 28.644281190807199, -10.046684199210203 ], [ 28.644661479107981, -10.021735142790993 ], [ 28.621749198591569, -9.99743956157355 ], [ 28.631066225579485, -9.978947490101689 ], [ 28.624125990814711, -9.953805951296818 ], [ 28.635629667222812, -9.918595178223162 ], [ 28.659587734951948, -9.88389575443388 ], [ 28.658114124186834, -9.867785734559183 ], [ 28.673943562387119, -9.835891195111211 ], [ 28.676653104964551, -9.810129772056495 ], [ 28.685816615260261, -9.815002919939381 ], [ 28.689173550306762, -9.808899405962396 ], [ 28.664576388745136, -9.783874983078242 ], [ 28.661589508391746, -9.751034760240657 ], [ 28.641037158720561, -9.749959010798095 ], [ 28.618481398879158, -9.717936011375665 ], [ 28.631292309976914, -9.698584854731333 ], [ 28.607004191330905, -9.623267379201849 ], [ 28.611660004039972, -9.592461689560682 ], [ 28.580904308199088, -9.57682978532824 ], [ 28.594333185652133, -9.565275305357826 ], [ 28.612277970395258, -9.564056553724605 ], [ 28.618885453907449, -9.550157794349989 ], [ 28.612491881722292, -9.543290238666417 ], [ 28.585325143189358, -9.562087791927466 ], [ 28.574962327192093, -9.555829869961366 ], [ 28.572609301696456, -9.485789552655756 ], [ 28.560606499756918, -9.47463053308725 ], [ 28.536909877708059, -9.478662825007875 ], [ 28.53778929333691, -9.455195158770726 ], [ 28.513260792707399, -9.44698930440469 ], [ 28.52488330904108, -9.391911235803237 ], [ 28.522530282647111, -9.35755627825945 ], [ 28.417749384738912, -9.289211491114157 ], [ 28.380005919780015, -9.252852442005594 ], [ 28.391319453385179, -9.235821038657056 ], [ 28.558835790974523, -9.145113813880368 ], [ 28.669253778088983, -9.05891244138361 ], [ 28.763012478615053, -8.961098877931249 ], [ 28.799337939423232, -8.898676287553798 ], [ 28.950637938910994, -8.510376287087908 ], [ 28.981637938779937, -8.487276287838821 ], [ 28.989589292973982, -8.462365676731308 ], [ 29.568352065251183, -8.378272531111126 ], [ 29.576557280649574, -8.390739541362791 ], [ 29.597214092710196, -8.398627848206818 ], [ 29.529231277247522, -8.480334155665942 ], [ 29.498380510005152, -8.500668091095934 ], [ 29.488065230157797, -8.534657431841666 ], [ 29.487756247429285, -8.583074091218162 ], [ 29.43979257402448, -8.624481889627448 ], [ 29.370033712888283, -8.72478646296665 ], [ 29.322640470587189, -8.723682296922481 ], [ 29.313489818776432, -8.729813906666124 ], [ 29.315842844272069, -8.807378306072586 ], [ 29.305408725397459, -8.84754003625096 ], [ 29.308213341172959, -8.866445066209456 ], [ 29.294689392318439, -8.889834290873644 ], [ 29.264211934365438, -8.926191301000941 ], [ 29.198650357969491, -8.94882167621739 ], [ 29.188803282743152, -8.966050235580674 ], [ 29.187924346814651, -9.000976560430539 ], [ 29.175778459420069, -9.010232201037859 ], [ 29.172052586286373, -9.049094153404745 ], [ 29.14259551208821, -9.042236463350729 ], [ 29.132108777989071, -9.051216894811834 ], [ 29.132070749608143, -9.06306537406747 ], [ 29.122317339021528, -9.066244906721902 ], [ 29.123620822346581, -9.077474980076612 ], [ 29.110358319172324, -9.078930132252514 ], [ 29.115729872668833, -9.085079259803994 ], [ 29.107791384146289, -9.094138472106863 ], [ 29.126009607977068, -9.099649762679421 ], [ 29.150487564897126, -9.123999515136756 ], [ 29.156458079092463, -9.124600277339036 ], [ 29.155760555240633, -9.117339794870887 ], [ 29.171013876001453, -9.120860248849899 ], [ 29.168033284753374, -9.129367954603232 ], [ 29.179205742434739, -9.126526939241108 ], [ 29.175329776986775, -9.134179099234087 ], [ 29.190390613935026, -9.137580108391665 ], [ 29.191840865807816, -9.146491600025964 ], [ 29.250982522431329, -9.145148731891437 ], [ 29.276728375916424, -9.190112805399572 ], [ 29.286142502701697, -9.198021923754901 ], [ 29.295427983551772, -9.193868277367093 ], [ 29.304131748661501, -9.219123643378186 ], [ 29.331265713059594, -9.20540344158367 ], [ 29.33744454656933, -9.219089183103318 ], [ 29.332413655788137, -9.229954232057157 ], [ 29.34424382578457, -9.246843373764538 ], [ 29.333849899332392, -9.297188846362353 ], [ 29.354052594152254, -9.318673635972665 ], [ 29.347682977340792, -9.337436446555028 ], [ 29.360707426066419, -9.354087723578424 ], [ 29.34944143040779, -9.387200241503855 ], [ 29.325483589952384, -9.387059514387893 ], [ 29.330759840282084, -9.403145536912433 ], [ 29.320920149207385, -9.41909025521851 ], [ 29.322298833199788, -9.439113848892536 ], [ 29.330237175296968, -9.458104653279134 ], [ 29.344877987866127, -9.467576166672565 ], [ 29.341645779405283, -9.487034347632191 ], [ 29.354188402355206, -9.499719850189932 ], [ 29.345213179841355, -9.51606523034148 ], [ 29.354765631909022, -9.531057170557345 ], [ 29.371260384866613, -9.526322337890797 ], [ 29.392319140914584, -9.550746061551106 ], [ 29.414185485996253, -9.534526265571243 ], [ 29.440235132642457, -9.539542303338095 ], [ 29.445321468341291, -9.550230434410755 ], [ 29.469992533403033, -9.552902441135771 ], [ 29.462624663732093, -9.597057387661916 ], [ 29.484633388193025, -9.592557783336902 ], [ 29.497943613468415, -9.598041668144482 ], [ 29.506927933221167, -9.613367929257086 ], [ 29.524896481996812, -9.604415957865212 ], [ 29.532407145170371, -9.647720653769559 ], [ 29.549662518747017, -9.642003252665388 ], [ 29.575018649824209, -9.657594859431601 ], [ 29.594952442048616, -9.658733400952686 ], [ 29.609419487204175, -9.65075669084921 ], [ 29.623315300857065, -9.664492937608282 ], [ 29.654586220039274, -9.662716670595573 ], [ 29.708372979728271, -9.690082625559398 ], [ 29.726840585763412, -9.685888821834176 ], [ 29.737040189551635, -9.707822197864839 ], [ 29.802704372417644, -9.700260842759782 ], [ 29.815489571037013, -9.71067396571175 ], [ 29.821252522299435, -9.743820936884706 ], [ 29.846018889629672, -9.769765506728815 ], [ 29.863692614024025, -9.772004828708969 ], [ 29.870648464203374, -9.781067766539257 ], [ 29.857813809734367, -9.791701398283486 ], [ 29.867971434351062, -9.807256569115104 ], [ 29.883055347222317, -9.817651611105596 ], [ 29.908391785431835, -9.817557973574731 ], [ 29.923650735036233, -9.830719704980517 ], [ 29.934495646303763, -9.883718939379714 ], [ 29.925600079202773, -9.892539885257149 ], [ 29.924152001252995, -9.934516609328011 ], [ 29.910889604978262, -9.956691190329677 ], [ 29.90960613701608, -9.982151005585923 ], [ 29.934034073046156, -10.054178009926474 ], [ 29.919420273715915, -10.073250018921012 ], [ 29.89619135772308, -10.162882608209385 ], [ 29.882185366598883, -10.182533849569277 ], [ 29.847985632366633, -10.201883488227194 ], [ 29.837309058196819, -10.226032673038672 ], [ 29.783990635181215, -10.200903455717611 ], [ 29.646783655602345, -10.243289784273173 ], [ 29.647657816086813, -10.259565730944734 ], [ 29.632018521587746, -10.282905993560769 ], [ 29.586146426201676, -10.283654351384522 ], [ 29.541320118926624, -10.305028539150944 ], [ 29.535853495825297, -10.314709586147858 ], [ 29.497421727322646, -10.332986271935301 ], [ 29.471876208027361, -10.367465514779182 ], [ 29.457236326112824, -10.370867665988641 ], [ 29.468454809876107, -10.38676544203439 ], [ 29.452256934848538, -10.430111999972073 ], [ 29.427764038945316, -10.444522502668658 ], [ 29.419440890919777, -10.4655745040469 ], [ 29.432627363383297, -10.483706416699441 ], [ 29.447686751348996, -10.485351744930032 ], [ 29.453177151059293, -10.498691672254356 ], [ 29.465369289114605, -10.503480154349974 ], [ 29.431476228042264, -10.513599053709125 ], [ 29.409470581209487, -10.557363463236412 ], [ 29.410837252929934, -10.587267738143504 ], [ 29.396905779753492, -10.620025984582156 ], [ 29.363799755159423, -10.599824033226218 ], [ 29.339202121083957, -10.599515650969442 ], [ 29.321530538273258, -10.652457779860868 ], [ 29.293947373113973, -10.681862424428539 ], [ 29.271486683775723, -10.688869162574683 ], [ 29.262977767742687, -10.701107209939552 ], [ 29.199455803622918, -10.73772607917474 ], [ 29.187942427206394, -10.766399576374127 ], [ 29.201300000883766, -10.789304601628068 ], [ 29.191460080738668, -10.819678502175403 ], [ 29.202670220949578, -10.841183203309242 ], [ 29.201711893712897, -10.856421628092292 ], [ 29.139469161998768, -10.89986588529819 ], [ 29.095379659207953, -10.909294743621597 ], [ 29.080048617107092, -10.937721971047266 ], [ 29.118280993752638, -10.964574975226267 ], [ 29.169031295067732, -10.956973668252985 ], [ 29.191992635276733, -10.963927456422072 ], [ 29.286484397905564, -11.053318689359664 ], [ 29.29208851983925, -11.068214586937083 ], [ 29.334508627642013, -11.080589063952376 ], [ 29.353656051734689, -11.077304531090638 ], [ 29.38377821790797, -11.110835579596882 ], [ 29.424518621656521, -11.101358817408228 ], [ 29.418959667015333, -11.072797785309067 ], [ 29.42946739923422, -11.037734481175802 ], [ 29.388059149275911, -11.001673729306836 ], [ 29.395142138017434, -10.957890660440105 ], [ 29.359906455819733, -10.917780437936518 ], [ 29.358551510707034, -10.881112438847842 ], [ 29.371302550887737, -10.879119140986241 ], [ 29.401537948804254, -10.847343457269266 ], [ 29.431419043986228, -10.842016937870937 ], [ 29.437695309669984, -10.829445623226073 ], [ 29.464939111077882, -10.812465152147038 ], [ 29.48470759981527, -10.812402771440137 ], [ 29.497547057576124, -10.794690096013902 ], [ 29.541136331704323, -10.786024353785079 ], [ 29.547910202970062, -10.775797728856205 ], [ 29.579949434146783, -10.771403164400622 ], [ 29.587329388853238, -10.777196043795204 ], [ 29.604140000244495, -10.714131021915255 ], [ 29.645226179918943, -10.708403036829161 ], [ 29.673091130413212, -10.716127377778639 ], [ 29.706482370109956, -10.733181414211886 ], [ 29.714499381269821, -10.745569841989012 ], [ 29.737616394127691, -10.750005082032052 ], [ 29.759488045557749, -10.777073922197332 ], [ 29.772564334261773, -10.775544672959427 ], [ 29.778635469650425, -10.79519491969916 ], [ 29.810080832677659, -10.809492152665721 ], [ 29.813661245210614, -10.826693802303192 ], [ 29.83646691726236, -10.85566679094056 ], [ 29.866680969411117, -10.872416866274396 ], [ 29.904481488170369, -11.003654380812122 ], [ 29.905805474643429, -11.031300085639518 ], [ 29.812554669900909, -11.408949983181259 ], [ 29.815864639227698, -11.437589181638113 ], [ 29.99695227227695, -11.235112904746172 ], [ 30.110406435694326, -11.230171253204453 ], [ 30.367163249764534, -11.440680468107548 ], [ 30.469144723261259, -11.506032190058924 ], [ 30.43696660984665, -11.598683176793166 ], [ 30.446518354940199, -11.622180163056774 ], [ 30.339225715395322, -11.744626111655281 ], [ 30.251555888391525, -11.812503653007827 ], [ 29.796207042122241, -11.908868789712963 ], [ 29.794196026814831, -11.920465002119878 ], [ 29.805973056970593, -11.932845325057196 ], [ 29.801409608140759, -11.943379346136615 ], [ 29.787338967960515, -11.939705274947062 ], [ 29.780779006225178, -11.955238349826841 ], [ 29.786507086684903, -11.966004014140488 ], [ 29.780253139644405, -11.980172533647549 ], [ 29.797692889738151, -11.990489654628503 ], [ 29.782065447610957, -12.008391103088234 ], [ 29.793028425354603, -12.017661028758457 ], [ 29.787621211436253, -12.017341381311024 ], [ 29.787442952446231, -12.033090823255204 ], [ 29.797544339831195, -12.045062106381851 ], [ 29.791245828267719, -12.064034914739159 ], [ 29.79986171658312, -12.06464504437551 ], [ 29.799832006601711, -12.076266289895665 ], [ 29.810616725355331, -12.07527850398602 ], [ 29.810052235708891, -12.087828928653135 ], [ 29.825085479106566, -12.090065864214113 ], [ 29.818371026006975, -12.094423477126458 ], [ 29.824431858617615, -12.101424558253044 ], [ 29.821241007694141, -12.121363564123293 ], [ 29.810188902701274, -12.128590502884853 ], [ 29.81350181580725, -12.150125427821433 ], [ 29.797219811756712, -12.154950701744331 ], [ 29.775360898437398, -12.149185429930387 ], [ 29.75952760915948, -12.157081314802729 ], [ 29.733117427267274, -12.189978307339672 ], [ 29.737155877288867, -12.20501557520176 ], [ 29.727668723759216, -12.199689973078906 ], [ 29.71619439800638, -12.207772314379861 ], [ 29.719976438303199, -12.218798985828013 ], [ 29.696643171312033, -12.220114637269099 ], [ 29.681515008328184, -12.231892563382971 ], [ 29.645938186409779, -12.233771968740346 ], [ 29.626002345128185, -12.213536313770707 ], [ 29.61613057790963, -12.220866435907533 ], [ 29.600297288631712, -12.196306592706769 ], [ 29.577476840191849, -12.198624838756341 ], [ 29.57933581024756, -12.182584671352657 ], [ 29.561278904078879, -12.182202680264865 ] ] ] } },
{ "type": "Feature", "properties": { "PROVINCE": "Lusaka" }, "geometry": { "type": "Polygon", "coordinates": [ [ [ 29.331090341254903, -15.723412144671233 ], [ 29.250300668791336, -15.764550968148509 ], [ 29.210382378037988, -15.770087091658763 ], [ 29.117868586188866, -15.84227066691099 ], [ 29.099356562056212, -15.847996993016144 ], [ 29.09797786369073, -15.863119603985325 ], [ 29.044799901252947, -15.899060699158001 ], [ 29.020699615841259, -15.939642367587023 ], [ 28.886547869425801, -15.939191888666976 ], [ 28.861747861984789, -15.950929978015552 ], [ 28.823009850615271, -15.94519969084921 ], [ 28.804554040358148, -15.96368399123357 ], [ 28.789847047105358, -15.952131518273793 ], [ 28.77610131498697, -15.970245520706777 ], [ 28.749344838840937, -15.956155768948539 ], [ 28.731631453826768, -15.96557011083647 ], [ 28.72190380512588, -15.943626723135438 ], [ 28.697586086092944, -15.937746340846633 ], [ 28.670176838365919, -15.904508994674989 ], [ 28.660676425702643, -15.90802096080118 ], [ 28.639926091834429, -15.896510816429041 ], [ 28.623147552993743, -15.908617145039768 ], [ 28.603943029286661, -15.900645695602124 ], [ 28.581193582788547, -15.909288978133301 ], [ 28.536729829273977, -15.872211057987171 ], [ 28.514041741303007, -15.871175355362851 ], [ 28.496716646782236, -15.850276527334987 ], [ 28.474257381273716, -15.847917912810384 ], [ 28.458428380552945, -15.835016251666831 ], [ 28.445552954248111, -15.84813520917154 ], [ 28.431625907071101, -15.834979628380097 ], [ 28.428212485061245, -15.813240857027285 ], [ 28.378632250183511, -15.786682016181137 ], [ 28.340836619157734, -15.78109111817488 ], [ 28.300759734434251, -15.805131759583595 ], [ 28.275645364254508, -15.793381743249343 ], [ 28.252467148278026, -15.818203491321425 ], [ 28.250251786006384, -15.831428642654297 ], [ 28.233158667933004, -15.839310883818678 ], [ 28.190863077408384, -15.818220977785174 ], [ 28.175350893623744, -15.787076316927758 ], [ 28.120470770147918, -15.776095579197262 ], [ 28.07021979468858, -15.743483610321642 ], [ 28.041072660823005, -15.742046789872578 ], [ 28.014052228205443, -15.716200435675381 ], [ 27.983246373134026, -15.711707396314857 ], [ 27.948495735375705, -15.755788269013976 ], [ 27.922618178090165, -15.761592135594848 ], [ 27.901321116963615, -15.743049600305994 ], [ 27.898752731158361, -15.721720939260743 ], [ 27.888693953562285, -15.712821753805526 ], [ 27.884692244635776, -15.721518055199848 ], [ 27.870827963645965, -15.715405083081931 ], [ 27.83171988410864, -15.748147434583251 ], [ 27.807758648021473, -15.745497187200938 ], [ 27.80402586504664, -15.719030043759775 ], [ 27.831175842812993, -15.70808784498511 ], [ 27.838104571057308, -15.683976007383938 ], [ 27.824547140195499, -15.686840288712588 ], [ 27.831054157922935, -15.66289886842876 ], [ 27.792422605897737, -15.65624542671395 ], [ 27.78683714376913, -15.641140050963692 ], [ 27.770414136558351, -15.631052568841827 ], [ 27.79210073683646, -15.587609781942051 ], [ 27.789761638820991, -15.578889517909563 ], [ 27.960509670136538, -15.583803944962574 ], [ 27.963455635821994, -15.513020048859554 ], [ 27.959345042998233, -15.454771910846963 ], [ 27.933033082000861, -15.384722269802779 ], [ 27.911518425556284, -15.406105357692315 ], [ 27.902345607815917, -15.372932282992274 ], [ 27.861943787182803, -15.377504344806999 ], [ 27.836838914890571, -15.392858183628164 ], [ 27.80846595542506, -15.391340037715837 ], [ 27.784341510722136, -15.358023962754922 ], [ 27.791323338382849, -15.351864346195967 ], [ 27.775428537864183, -15.323269886418469 ], [ 27.782915435208597, -15.312495808253756 ], [ 27.777574696621262, -15.305835065631069 ], [ 27.796728372988337, -15.298548932638518 ], [ 27.797845464875067, -15.289447237313079 ], [ 27.805023378592637, -15.293253032767948 ], [ 27.812557811188626, -15.280895411151766 ], [ 27.816859805355019, -15.285801862963629 ], [ 27.821874838176509, -15.26936250083514 ], [ 27.835992983963923, -15.267046672728277 ], [ 27.854508198912466, -15.236135928122566 ], [ 27.886000700135924, -15.257324495115963 ], [ 27.975367736663895, -15.295355594711921 ], [ 28.002692482567092, -15.262489215417364 ], [ 28.009189855981656, -15.270187938854628 ], [ 28.122871842934877, -15.288025778703844 ], [ 28.161352113276347, -15.309369578977115 ], [ 28.172784486807064, -15.308613069021606 ], [ 28.189350731288226, -15.323628132644835 ], [ 28.202732071693102, -15.322046443784664 ], [ 28.249031990631568, -15.343936873297913 ], [ 28.276434397687694, -15.338792138998347 ], [ 28.27514781975799, -15.31913558258778 ], [ 28.30924532391429, -15.303968594666788 ], [ 28.283212430848121, -15.307287279217464 ], [ 28.294775484099901, -15.259666849212627 ], [ 28.314676975601611, -15.261327359850194 ], [ 28.318013011343009, -15.24559043482137 ], [ 28.331923339075971, -15.248306410660946 ], [ 28.335041895382037, -15.233774867360374 ], [ 28.312813513969509, -15.228773996295978 ], [ 28.316129217242771, -15.215514471596915 ], [ 28.337363851745263, -15.219523675361399 ], [ 28.340227741956479, -15.205013819030338 ], [ 28.325180696842761, -15.20168192399063 ], [ 28.328297878726431, -15.188023034794607 ], [ 28.343095858741105, -15.191221379953813 ], [ 28.346129254758228, -15.176808912822962 ], [ 28.330712060628336, -15.173083904355458 ], [ 28.333255911646532, -15.161391289099669 ], [ 28.356380344588658, -15.166332258068538 ], [ 28.36313419779658, -15.159726743678567 ], [ 28.34163182581354, -15.150603262599653 ], [ 28.344923809071709, -15.136087889213467 ], [ 28.367074268819845, -15.140756534147556 ], [ 28.370293383437129, -15.127360844068814 ], [ 28.385792632380028, -15.131055943233866 ], [ 28.412792994837503, -15.121832287665875 ], [ 28.470121231380098, -15.126604775353401 ], [ 28.511541442406426, -15.137353151031512 ], [ 28.550384673445169, -15.180662208591944 ], [ 28.872306767632164, -15.166481651157506 ], [ 28.966708979905274, -14.990045083964963 ], [ 29.125951177957731, -14.973158316701284 ], [ 29.246216878102377, -14.867971493253476 ], [ 29.3670767787732, -14.982399893242818 ], [ 29.502910471437861, -14.981940693633637 ], [ 29.502800735937697, -14.819639914864823 ], [ 29.518561323661348, -14.815770778847432 ], [ 29.52023982487141, -14.808480290569978 ], [ 29.535817917150155, -14.82131169330237 ], [ 29.570191525695535, -14.810941306872769 ], [ 29.58302620621572, -14.821396146056642 ], [ 29.582244579392032, -14.803993098372487 ], [ 29.608557563570535, -14.779533327373775 ], [ 29.627650484179984, -14.786238305921691 ], [ 29.62856617916988, -14.772542473035228 ], [ 29.661460357663746, -14.757567811307089 ], [ 29.654399470173182, -14.745742061125306 ], [ 29.663797961780947, -14.751178626165018 ], [ 29.702555880715476, -14.745769910842357 ], [ 29.714078027384119, -14.730040668377812 ], [ 29.751286799814565, -14.707610109631426 ], [ 29.769842096692766, -14.719985930207713 ], [ 29.812149005091651, -14.694295502878886 ], [ 29.863665980772485, -14.692513727999359 ], [ 29.868859206108681, -14.682252239761176 ], [ 29.878758615386861, -14.684869173746817 ], [ 29.89189158239542, -14.675880446973848 ], [ 29.89915162279123, -14.646432776750363 ], [ 29.909394282831034, -14.64922593884002 ], [ 29.920308515292412, -14.674142209974404 ], [ 29.935091302100673, -14.661723024312774 ], [ 29.941837157607637, -14.667408257024672 ], [ 29.957955647615204, -14.659557316923742 ], [ 29.956085161157571, -14.646367514208475 ], [ 29.964628318274301, -14.642745423105341 ], [ 29.994985027381755, -14.653278924136385 ], [ 30.005894241853948, -14.647401516897327 ], [ 30.050510553558286, -14.667014503782928 ], [ 30.056740547021747, -14.696750334791691 ], [ 30.091349600409842, -14.705465767395877 ], [ 30.142592227009658, -14.767740119371746 ], [ 30.184293114849858, -14.797191897588883 ], [ 30.184961110179966, -14.811397032576316 ], [ 30.201025370690484, -14.816310368138488 ], [ 30.210478779904804, -14.869680780686412 ], [ 30.197356148911879, -14.91520362069541 ], [ 30.214377743122359, -14.967976958223034 ], [ 30.217058996853162, -15.007860996098529 ], [ 30.232381745707343, -15.033478337116017 ], [ 30.21567185971394, -15.069115418778928 ], [ 30.22270790160038, -15.104636556358745 ], [ 30.236187709038461, -15.121462013130623 ], [ 30.234143578236424, -15.148899884247562 ], [ 30.256874350556405, -15.178285605653612 ], [ 30.259797938309838, -15.209933001709159 ], [ 30.278943632247266, -15.256047570791832 ], [ 30.375394386948802, -15.351241735230101 ], [ 30.383202766180542, -15.453679044646599 ], [ 30.400404285755897, -15.480989408797511 ], [ 30.363629558609514, -15.553287912108296 ], [ 30.391990053950462, -15.575702161809852 ], [ 30.406694238171362, -15.60826442768662 ], [ 30.422443513410634, -15.619093767897162 ], [ 30.35437543525105, -15.655096989239128 ], [ 30.274767456119552, -15.64468186881443 ], [ 30.257376491732238, -15.627484824073909 ], [ 30.21400377267296, -15.667254751021545 ], [ 30.19075092286603, -15.649868633372666 ], [ 30.176607803913704, -15.622948958102489 ], [ 30.163784215790674, -15.617777053932294 ], [ 29.969698292956867, -15.643719201103695 ], [ 29.914892670360825, -15.622314304405448 ], [ 29.830129508647101, -15.608697145352506 ], [ 29.771575938615914, -15.616656031894792 ], [ 29.752495854033555, -15.633542485721957 ], [ 29.681639062075654, -15.641572660268325 ], [ 29.633977281895096, -15.664236432406179 ], [ 29.575784981931847, -15.644512210294428 ], [ 29.553439781803139, -15.648123691294545 ], [ 29.515385395551359, -15.678850247874808 ], [ 29.477208168277723, -15.687707703362472 ], [ 29.439391170822919, -15.683077822006751 ], [ 29.383967158765049, -15.71278673676626 ], [ 29.331090341254903, -15.723412144671233 ] ] ] } },
{ "type": "Feature", "properties": { "PROVINCE": "Muchinga" }, "geometry": { "type": "Polygon", "coordinates": [ [ [ 31.90641875999864, -12.946682806198393 ], [ 31.910756407400367, -12.966371189095172 ], [ 31.890375408674696, -12.977488647373656 ], [ 31.901368076636778, -13.004469577428107 ], [ 31.878253766809607, -13.044414491433477 ], [ 31.867713388016625, -13.038046892396851 ], [ 31.870030761175297, -13.021374587410996 ], [ 31.862982875001826, -13.021548261727057 ], [ 31.866310383036247, -13.049682105094307 ], [ 31.844206212576381, -13.059927587699008 ], [ 31.835946858410722, -13.077291837760807 ], [ 31.810396337295959, -13.071214489026962 ], [ 31.80897026178242, -13.10339379508776 ], [ 31.779379194876466, -13.098648189653554 ], [ 31.765396951615106, -13.114234562264375 ], [ 31.7636098737316, -13.094423367646172 ], [ 31.741077182626693, -13.091581698151321 ], [ 31.739056910180267, -13.100725848624565 ], [ 31.751677677576794, -13.112809497754537 ], [ 31.729977561246891, -13.118457589260114 ], [ 31.737797208047258, -13.142506821707498 ], [ 31.733257533131404, -13.165766833199561 ], [ 31.7150275350822, -13.177199300330013 ], [ 31.721112122742216, -13.187034499070352 ], [ 31.648334732706857, -13.232086215915356 ], [ 31.647692998725766, -13.253903342994217 ], [ 31.65967203214117, -13.276852017429505 ], [ 31.646861121043408, -13.298202511683918 ], [ 31.658721315431595, -13.301718340710234 ], [ 31.659695799766975, -13.312751232428958 ], [ 31.633574850243392, -13.322118384797342 ], [ 31.64210753390223, -13.346610046951918 ], [ 31.616937299291592, -13.357849015894937 ], [ 31.618601052859638, -13.376325111190811 ], [ 31.58658565758067, -13.372602255991129 ], [ 31.576246611005836, -13.378706780631003 ], [ 31.537928773135732, -13.432472860678933 ], [ 31.436521585413633, -13.428245380759829 ], [ 31.422508481429016, -13.401132968364099 ], [ 31.436115619668751, -13.330835618075877 ], [ 31.39737390095204, -13.30308102777939 ], [ 31.393095674411423, -13.277520866732527 ], [ 31.36362344743106, -13.255890936432953 ], [ 31.384182701553506, -13.199667260014342 ], [ 31.377765361742576, -13.180315682395664 ], [ 31.365227782832953, -13.177770071965114 ], [ 31.365762559803038, -13.15595771324111 ], [ 31.359761159731598, -13.155031948031409 ], [ 31.368554504841484, -13.123084351929846 ], [ 31.363930557172193, -13.102521659118745 ], [ 31.337359892152751, -13.070830482815506 ], [ 31.355780032106587, -12.999743232394721 ], [ 31.328268657609843, -12.968592721082256 ], [ 31.309884866187357, -12.965292158169524 ], [ 31.296894997210298, -12.975367418673633 ], [ 31.267757885848336, -12.957182738268747 ], [ 31.258925737111436, -12.965755398693464 ], [ 31.246127406020936, -12.947167243381186 ], [ 31.23168839189551, -12.960428093744245 ], [ 31.213446509135068, -12.960717623079768 ], [ 31.187123532097388, -12.99939584784371 ], [ 31.174110592587176, -13.002348580020843 ], [ 31.180052572695839, -13.010974984421024 ], [ 31.170783082756131, -13.029500475660923 ], [ 31.107056607280487, -13.036221138085052 ], [ 31.101641490882571, -13.042467497410074 ], [ 31.076150393323843, -13.025042905896948 ], [ 31.070683769324194, -12.995053534946372 ], [ 31.055115777702508, -12.988568868240709 ], [ 31.045014409182176, -12.969577089605695 ], [ 30.994340397292579, -12.961347152651285 ], [ 30.963806862008006, -12.938654686864918 ], [ 30.948968922234549, -12.957474864435087 ], [ 30.92861099583866, -12.960717623955182 ], [ 30.888205520858953, -12.928693527979433 ], [ 30.846849332762929, -12.947977969233385 ], [ 30.799907678945036, -12.914272654365886 ], [ 30.753560224754999, -12.906222086354711 ], [ 30.743874796872458, -12.880099395674851 ], [ 30.771338633422666, -12.850689284321055 ], [ 30.759621045687538, -12.833494621100161 ], [ 30.760880746023954, -12.793145113761854 ], [ 30.739899344803408, -12.775527921877291 ], [ 30.733053321752369, -12.756597269385557 ], [ 30.739097391799834, -12.712477755962299 ], [ 30.77673100178265, -12.694411013188398 ], [ 30.777421605013508, -12.683536294724325 ], [ 30.704857027665565, -12.646736714752791 ], [ 30.700258141196095, -12.617901416346644 ], [ 30.677360287623131, -12.600157823929029 ], [ 30.662295054319891, -12.598722986903995 ], [ 30.650075790736221, -12.628315799419839 ], [ 30.637333131837138, -12.637447137142189 ], [ 30.601683556262174, -12.641391315018483 ], [ 30.554901209676814, -12.585562820719559 ], [ 30.569999710289974, -12.538436652062272 ], [ 30.5043888199782, -12.517446342596966 ], [ 30.479054585336065, -12.488276025971871 ], [ 30.442863711920353, -12.479373393607023 ], [ 30.465686285774183, -12.428375585709576 ], [ 30.498301268776054, -12.408393262185411 ], [ 30.506688125321546, -12.393886043729177 ], [ 30.509362017358598, -12.34858576140793 ], [ 30.492873019008709, -12.31036026610909 ], [ 30.465331935428889, -12.296281898131459 ], [ 30.449122466744285, -12.275470981957628 ], [ 30.406614318653794, -12.277760038397597 ], [ 30.386214455307137, -12.269284151300113 ], [ 30.351156766198159, -12.282986578876844 ], [ 30.331607646951472, -12.274422645748693 ], [ 30.311251712120544, -12.2453232171247 ], [ 30.303056424004346, -12.25717781327425 ], [ 30.30076149165977, -12.250265963576952 ], [ 30.266840050112666, -12.253606772328856 ], [ 30.262107767416744, -12.243828633116303 ], [ 30.230593962646324, -12.232992503212056 ], [ 30.230059184777907, -12.22637236766735 ], [ 30.207277251605863, -12.222020903964273 ], [ 30.220964952556891, -12.215867200241652 ], [ 30.175932419940406, -12.207439071191809 ], [ 30.170226677886831, -12.212362797652712 ], [ 30.15991781201058, -12.198609311634602 ], [ 30.132816168098088, -12.196201143609283 ], [ 30.13569058476779, -12.177737804361959 ], [ 30.125972317173396, -12.170245067232715 ], [ 30.120770990829968, -12.181484091885785 ], [ 30.10542189438851, -12.174713816902328 ], [ 30.082984972676066, -12.133076371015941 ], [ 30.051516239078413, -12.116229016989765 ], [ 30.052792031834798, -12.06531699066637 ], [ 30.042969643210792, -12.05281844886057 ], [ 30.020713008884254, -12.050671074860706 ], [ 30.000754430344529, -12.002884215960917 ], [ 29.921512167043293, -12.017367514353399 ], [ 29.864730594876942, -12.04563442657089 ], [ 29.844931872440338, -12.08550484802257 ], [ 29.841604362609321, -12.132041176297664 ], [ 29.811835156189261, -12.148684095661768 ], [ 29.810188902701274, -12.128590502884853 ], [ 29.821241007694141, -12.121363564123293 ], [ 29.824431858617615, -12.101424558253044 ], [ 29.818371026006975, -12.094423477126458 ], [ 29.825085479106566, -12.090065864214113 ], [ 29.810052235708891, -12.087828928653135 ], [ 29.810616725355331, -12.07527850398602 ], [ 29.799832006601711, -12.076266289895665 ], [ 29.79986171658312, -12.06464504437551 ], [ 29.791245828267719, -12.064034914739159 ], [ 29.797544339831195, -12.045062106381851 ], [ 29.787442952446231, -12.033090823255204 ], [ 29.787621211436253, -12.017341381311024 ], [ 29.793028425354603, -12.017661028758457 ], [ 29.782065447610957, -12.008391103088234 ], [ 29.797692889738151, -11.990489654628503 ], [ 29.780253139644405, -11.980172533647549 ], [ 29.786507086684903, -11.966004014140488 ], [ 29.780779006225178, -11.955238349826841 ], [ 29.787885629641828, -11.93928670491116 ], [ 29.800458887837898, -11.943472358593151 ], [ 29.804665818687678, -11.938170521139989 ], [ 29.794196026814831, -11.920465002119878 ], [ 29.796397184925166, -11.908705996249795 ], [ 30.251555888391525, -11.812503653007827 ], [ 30.339225715395322, -11.744626111655281 ], [ 30.446518354940199, -11.622180163056774 ], [ 30.43696660984665, -11.598683176793166 ], [ 30.469144723261259, -11.506032190058924 ], [ 30.521834870855354, -11.474286420049802 ], [ 30.542655571556406, -11.441930729237813 ], [ 30.548332149804274, -11.426497591092678 ], [ 30.540944281838488, -11.418403062601714 ], [ 30.549225542320631, -11.405477557560099 ], [ 30.594361497077482, -11.391461053918752 ], [ 30.607435265108826, -11.364433275771196 ], [ 30.596121734198618, -11.349985718574498 ], [ 30.611677630903312, -11.340017631359508 ], [ 30.611891538637089, -11.328971359277627 ], [ 30.626962935281487, -11.335922972644537 ], [ 30.685641887668449, -11.331202145300955 ], [ 30.720343059695704, -11.2813025706612 ], [ 30.739999135055079, -11.222255591617433 ], [ 30.738145236887473, -11.205399459247671 ], [ 30.749720217969546, -11.200573246664293 ], [ 30.761936932134414, -11.178935911935806 ], [ 30.792050892197572, -11.16583148218997 ], [ 30.820596172789099, -11.131015597559921 ], [ 30.824113826321369, -11.108323566006263 ], [ 30.84598031693011, -11.093769884841029 ], [ 30.85812572821763, -11.052810442794284 ], [ 30.868631150867913, -11.050151152161643 ], [ 30.886385791011488, -11.074433826333207 ], [ 30.902096391082853, -11.073360858592364 ], [ 30.884769572695017, -11.036877639121368 ], [ 30.951700051328231, -11.020010779695481 ], [ 30.982170532066405, -11.003259612018581 ], [ 30.990489306194842, -10.940049212852593 ], [ 31.016229970112565, -10.919536180620604 ], [ 31.026569016687397, -10.922873437166189 ], [ 31.009907701703082, -10.943572922805167 ], [ 31.028113932126487, -10.944623028171325 ], [ 31.045797269392715, -10.956873972950307 ], [ 31.062720030057299, -10.945206416767313 ], [ 31.059606433349948, -10.922126642410023 ], [ 31.067877672226807, -10.918415976957053 ], [ 31.082875231846412, -10.933491733107585 ], [ 31.073368062055604, -10.960374150397975 ], [ 31.103363184888138, -10.967281044287686 ], [ 31.153299596386134, -10.922966789686296 ], [ 31.15890882793714, -10.901028901291713 ], [ 31.186550925274037, -10.872320496684177 ], [ 31.153489740985687, -10.843282519936873 ], [ 31.149615567676737, -10.826708135674643 ], [ 31.17759041716451, -10.81662299020809 ], [ 31.194798393830137, -10.829229368127049 ], [ 31.213194770649761, -10.813144469855429 ], [ 31.187192660153432, -10.785104726771769 ], [ 31.172908137392263, -10.788210004247578 ], [ 31.164969648869686, -10.79995374160089 ], [ 31.156104213958265, -10.797082055051074 ], [ 31.157815503676215, -10.777866731275314 ], [ 31.136590747048576, -10.767359656061679 ], [ 31.143768659867852, -10.752695836722511 ], [ 31.207324093418439, -10.721497825431465 ], [ 31.23679632219547, -10.730068259316008 ], [ 31.253814156058173, -10.721217590946114 ], [ 31.274872535712024, -10.742094480658549 ], [ 31.319627541906328, -10.711455866594896 ], [ 31.305485626696509, -10.669346068876616 ], [ 31.322123174953351, -10.6547242213085 ], [ 31.343038947954184, -10.658975374739081 ], [ 31.329253553419349, -10.629543096868554 ], [ 31.427819140827371, -10.600201433723516 ], [ 31.461403220069567, -10.563076462912417 ], [ 31.48189354286697, -10.567095253910599 ], [ 31.497265358600281, -10.58825246211326 ], [ 31.507658478365368, -10.586528904341121 ], [ 31.52710013844284, -10.564127905073569 ], [ 31.562984311749162, -10.573849699778052 ], [ 31.583318784031331, -10.566415473606254 ], [ 31.580753252173761, -10.55817212998962 ], [ 31.589200800696446, -10.549007263367651 ], [ 31.600230288805427, -10.543264081245159 ], [ 31.605856169731904, -10.550291482920727 ], [ 31.6128939588416, -10.535588266971066 ], [ 31.627830939671746, -10.534892717753182 ], [ 31.634452481818109, -10.524680639350427 ], [ 31.667663959643342, -10.527364976250418 ], [ 31.671454424340904, -10.537328109043751 ], [ 31.680893454222485, -10.533419339588942 ], [ 31.699941836360143, -10.519995988310209 ], [ 31.710228268608777, -10.493754817696663 ], [ 31.737204863440482, -10.485808781353365 ], [ 31.743812346054337, -10.471598884578526 ], [ 31.77059879898141, -10.475244905682111 ], [ 31.793629917626749, -10.462997842916904 ], [ 31.808033280313502, -10.466410240896263 ], [ 31.84175996531042, -10.43177031743865 ], [ 31.845990655701129, -10.420596832654505 ], [ 31.83738666826665, -10.39308217298713 ], [ 31.861324063964481, -10.337493986693591 ], [ 31.880380991775425, -10.32135107816382 ], [ 31.89488072392923, -10.32456516995477 ], [ 31.923860281570164, -10.303748661807315 ], [ 31.933129134604297, -10.308862854781429 ], [ 31.961596875315465, -10.303037048289756 ], [ 31.97303021723005, -10.269388320289753 ], [ 31.984367516664388, -10.268452831388361 ], [ 31.978330464255951, -10.253391089416603 ], [ 32.006186472021547, -10.236340517932822 ], [ 32.002050853930584, -10.22228305199471 ], [ 32.010060644432208, -10.187873545763345 ], [ 32.000387100362573, -10.177135896357433 ], [ 32.011534256993954, -10.16316939272641 ], [ 32.011867009144858, -10.136287420788396 ], [ 31.999460152177072, -10.135913069609023 ], [ 31.98959645991458, -10.116680174691773 ], [ 32.006709366975393, -10.112211053814933 ], [ 31.999674062605798, -10.095106141182434 ], [ 32.013245545813568, -10.087641469633919 ], [ 32.006495454750031, -10.083335750684792 ], [ 32.010060645330505, -10.07587080460503 ], [ 32.032735245995788, -10.076526043247517 ], [ 32.036870864086758, -10.043528516721119 ], [ 32.05410261107312, -10.039737095959012 ], [ 32.06952985196115, -10.049643406057607 ], [ 32.086284379732575, -10.044605084592838 ], [ 32.101638460027232, -10.019000515870603 ], [ 32.123195967907485, -10.017104668382308 ], [ 32.1202962807305, -9.985318302344156 ], [ 32.143826529398865, -9.970313496352572 ], [ 32.128876504132506, -9.943392066780248 ], [ 32.142852044165188, -9.928689688384043 ], [ 32.154545863376214, -9.928361923199938 ], [ 32.153452538216925, -9.916585484765262 ], [ 32.176745105237529, -9.894459622686435 ], [ 32.169091832715992, -9.877132509789858 ], [ 32.179953774244666, -9.867859787286267 ], [ 32.175437868751239, -9.856338768643507 ], [ 32.183590265905899, -9.853575539035264 ], [ 32.182092888413308, -9.837089342946479 ], [ 32.19920579367745, -9.834443044093192 ], [ 32.215391750756126, -9.815309440705613 ], [ 32.237044330936165, -9.813178213259214 ], [ 32.275869115968874, -9.78020121521879 ], [ 32.294333907582207, -9.778464293852315 ], [ 32.297582554314431, -9.755135045578992 ], [ 32.321432453205269, -9.744073397072654 ], [ 32.348064959147159, -9.746023777083295 ], [ 32.341544244806613, -9.719799511626636 ], [ 32.356025475258832, -9.673557790829932 ], [ 32.347274608783799, -9.654259679419916 ], [ 32.3525197037428, -9.646817271676008 ], [ 32.330562597376428, -9.63897191032202 ], [ 32.317205022800728, -9.609539560019787 ], [ 32.292819133315824, -9.59608793524389 ], [ 32.293104349316863, -9.581135853329942 ], [ 32.279033736086063, -9.570401819577917 ], [ 32.269146278892769, -9.509412960076039 ], [ 32.254695380056106, -9.478422136370911 ], [ 32.26602349242004, -9.462683695207433 ], [ 32.253260118370484, -9.425569030112873 ], [ 32.260295422740072, -9.378976625982219 ], [ 32.244941344242051, -9.373653389433398 ], [ 32.246700170109868, -9.359113739201979 ], [ 32.231560002040574, -9.323934656137435 ], [ 32.214922453783743, -9.316898415103287 ], [ 32.163607503820408, -9.260345337770074 ], [ 32.151010503151355, -9.224499433432596 ], [ 32.149441820984791, -9.206809731113887 ], [ 32.165508937239586, -9.185904712797896 ], [ 32.184943790782157, -9.092925439767516 ], [ 32.155200190839253, -9.058951262227199 ], [ 32.160138926150402, -9.056072954232393 ], [ 32.192414742131923, -9.093623460602346 ], [ 32.254737767961117, -9.130556845060891 ], [ 32.437090096878045, -9.117457160837244 ], [ 32.492635836945098, -9.149448608970175 ], [ 32.484656635875531, -9.172242511233371 ], [ 32.545059894568887, -9.255601538909346 ], [ 32.57941046402221, -9.244881140273364 ], [ 32.647205654659714, -9.273494033765994 ], [ 32.755240083440299, -9.283232984789576 ], [ 32.764903539429334, -9.321056361090077 ], [ 32.799858075892537, -9.32067888122349 ], [ 32.812652283715899, -9.347299762180898 ], [ 32.864697799363832, -9.377764068653095 ], [ 32.892470801000535, -9.364769362000652 ], [ 32.897354432753865, -9.386936802756452 ], [ 32.912684790338496, -9.377721602006371 ], [ 32.927972681864681, -9.400356173866133 ], [ 32.959355322722139, -9.398827385007632 ], [ 32.94300577434538, -9.419168776421534 ], [ 32.950946984763263, -9.490851996564086 ], [ 32.981841261008078, -9.480638834394258 ], [ 32.99439007514696, -9.495565760254397 ], [ 33.031923211260221, -9.493936796365384 ], [ 33.03222049612706, -9.521243877363492 ], [ 32.998895802728235, -9.572068362909576 ], [ 33.014450652895619, -9.608598711116089 ], [ 33.004685002763281, -9.618081349132691 ], [ 33.005227349836268, -9.63677898238646 ], [ 33.032874057327206, -9.640942016890307 ], [ 33.062660993796015, -9.62220259584736 ], [ 33.062556996733868, -9.628390022642076 ], [ 33.077234041951726, -9.631398900678196 ], [ 33.0670900753206, -9.639077017254502 ], [ 33.087415663264622, -9.664106936826556 ], [ 33.084255500587851, -9.675275237188583 ], [ 33.100738618565877, -9.684217059401993 ], [ 33.101277284342856, -9.671037745986229 ], [ 33.113645273004941, -9.657718780101238 ], [ 33.110066151351042, -9.645217786872994 ], [ 33.119869836152517, -9.639328394325975 ], [ 33.110928014797544, -9.617674103350348 ], [ 33.124789633180853, -9.596630296288579 ], [ 33.156714451329727, -9.618320498090428 ], [ 33.172084330295299, -9.600688230726149 ], [ 33.195677811376484, -9.599539081663215 ], [ 33.219989512595326, -9.621301106345152 ], [ 33.219414937563201, -9.638251066116815 ], [ 33.234479913948277, -9.664291563354645 ], [ 33.216292240921987, -9.682582661954534 ], [ 33.237119026810774, -9.73420507541171 ], [ 33.229649554087928, -9.739268517948267 ], [ 33.231516923391538, -9.749323576755915 ], [ 33.290071347720563, -9.779211969605667 ], [ 33.306777220041276, -9.824023013439179 ], [ 33.350736589286754, -9.83889451362915 ], [ 33.374583401566305, -9.89969078213635 ], [ 33.377662525424647, -9.918099998617118 ], [ 33.356829320174832, -9.932709446199732 ], [ 33.353226091331955, -9.966317728829226 ], [ 33.330902149834458, -10.00796141899143 ], [ 33.315917969722655, -10.069274902027502 ], [ 33.343556501646177, -10.083725731015525 ], [ 33.352069125924729, -10.109116199325614 ], [ 33.357891613032592, -10.099571741181885 ], [ 33.385050936871174, -10.100345616322786 ], [ 33.40649832926389, -10.11154837515849 ], [ 33.435758171154895, -10.140992475709851 ], [ 33.43763758237489, -10.161960798711432 ], [ 33.453594143865971, -10.163287444036913 ], [ 33.454110061605029, -10.172463388040894 ], [ 33.498515742629735, -10.177217189750349 ], [ 33.56025907123302, -10.20847431504545 ], [ 33.56433931357661, -10.246525396677077 ], [ 33.554107750425487, -10.25752659273669 ], [ 33.538513183942769, -10.319091795845068 ], [ 33.542724609962228, -10.346008301393006 ], [ 33.556081121830921, -10.354633793120374 ], [ 33.549580508193159, -10.371567800272432 ], [ 33.566150212086484, -10.385375886403867 ], [ 33.561532425063419, -10.407831002040592 ], [ 33.573484342831996, -10.41991873411625 ], [ 33.573982338282789, -10.438887877401408 ], [ 33.588514780791044, -10.436397894983035 ], [ 33.608661005715497, -10.453193957570221 ], [ 33.622650181275887, -10.450341797282027 ], [ 33.63392301221554, -10.459396278359039 ], [ 33.634602098146146, -10.48515628233368 ], [ 33.622604908880504, -10.496610201741767 ], [ 33.633651376944989, -10.495931114787867 ], [ 33.651726211690111, -10.52477508280885 ], [ 33.666015862933243, -10.533604463205338 ], [ 33.674903330823639, -10.528608894194813 ], [ 33.670023937321851, -10.541504434418433 ], [ 33.681641541667531, -10.55300586116603 ], [ 33.677749642801381, -10.573917548892913 ], [ 33.694879792125747, -10.571658199036097 ], [ 33.662390490618613, -10.597849484825581 ], [ 33.653881595246851, -10.590355235651829 ], [ 33.629592546844506, -10.597322441428771 ], [ 33.611913558322598, -10.583023661342846 ], [ 33.583536845695818, -10.61516381307036 ], [ 33.57748698870131, -10.644752416906888 ], [ 33.544841587845625, -10.681465595017928 ], [ 33.527647693170366, -10.71680067501233 ], [ 33.451160216095843, -10.753455198128059 ], [ 33.413834431811438, -10.788201116329173 ], [ 33.379750414960796, -10.796230308093579 ], [ 33.360549392886703, -10.791916036826169 ], [ 33.3549570891889, -10.76807582112405 ], [ 33.347412751768609, -10.773414120024059 ], [ 33.339657384816718, -10.76341120873667 ], [ 33.325096289644179, -10.766624617001829 ], [ 33.320928441797449, -10.750142587733619 ], [ 33.285580854668197, -10.751075557917254 ], [ 33.285158794706682, -10.743767223415215 ], [ 33.273552124654628, -10.745996025260796 ], [ 33.262420272620737, -10.766313642708912 ], [ 33.247806421188194, -10.769993471951999 ], [ 33.242425146123672, -10.779633378828343 ], [ 33.247753662233237, -10.785593378964881 ], [ 33.241264478759135, -10.787044494288777 ], [ 33.228173214240996, -10.760717280795658 ], [ 33.234820679969829, -10.715466406152299 ], [ 33.223794351235711, -10.671764118274734 ], [ 33.23054732768793, -10.64257392360982 ], [ 33.218793583660961, -10.599332770128711 ], [ 33.228384283298482, -10.567433921316351 ], [ 33.225851925326012, -10.541293948698685 ], [ 33.197257316445608, -10.480810835254649 ], [ 33.197626622842044, -10.460059186667589 ], [ 33.214506509613095, -10.416414660784751 ], [ 33.187683106283444, -10.431701659658748 ], [ 33.168273926591695, -10.418579100975576 ], [ 33.144714356014134, -10.426208495213031 ], [ 33.124084473649127, -10.419494627795073 ], [ 33.094116212240202, -10.426574705775423 ], [ 33.039916991986814, -10.423095703063861 ], [ 33.031439870924942, -10.414362882223092 ], [ 33.032638220819017, -10.349347260563848 ], [ 33.012822337865529, -10.330541853611473 ], [ 32.975259074952618, -10.334604608826233 ], [ 32.975819365873427, -10.348164483805235 ], [ 32.958216065804095, -10.354884277183771 ], [ 32.935015778221057, -10.379768667560711 ], [ 32.918035714024491, -10.358037958820606 ], [ 32.8072343987103, -10.31789164391974 ], [ 32.620632175218503, -10.412037767075303 ], [ 32.608506525968934, -10.425591426772954 ], [ 32.609989314821298, -10.440745058594512 ], [ 32.600729842893642, -10.434380748074757 ], [ 32.59326903532007, -10.442420965148248 ], [ 32.578485548724203, -10.439923235828063 ], [ 32.558195399318151, -10.454852024707209 ], [ 32.543917204289833, -10.447810968852535 ], [ 32.53109804665776, -10.461784032617111 ], [ 32.513532405761779, -10.464862591800328 ], [ 32.489532889765407, -10.486392734895615 ], [ 32.486531151277219, -10.498126932030434 ], [ 32.386281078981035, -10.552827407953316 ], [ 32.385588290149101, -10.568193597574842 ], [ 32.353827277995634, -10.583607701749635 ], [ 32.348062778037679, -10.599133335796701 ], [ 32.296237939827485, -10.643176287954487 ], [ 32.287837940031096, -10.658476287948389 ], [ 32.297737940400729, -10.696176287709344 ], [ 32.3099379396131, -10.710176287154042 ], [ 32.338007278394045, -10.717423727049871 ], [ 32.355855381056394, -10.777259408705754 ], [ 32.36550907056165, -10.791533604905384 ], [ 32.387084277049617, -10.801142639812866 ], [ 32.405080790380069, -10.832592490953511 ], [ 32.388475513201492, -10.837025496104321 ], [ 32.366632313213145, -10.919531198799081 ], [ 32.331232806155377, -10.942458852361018 ], [ 32.324057007071971, -10.962065093682867 ], [ 32.370935909075691, -11.031043992608213 ], [ 32.283412343969808, -11.108989766094524 ], [ 32.262929432273459, -11.149535008172741 ], [ 32.26943421678908, -11.196875121778245 ], [ 32.244118923124709, -11.225288691965229 ], [ 32.236529327682085, -11.26455783706762 ], [ 32.250698099823957, -11.289036810204411 ], [ 32.240608759745264, -11.351073761691399 ], [ 32.228843938592526, -11.365464981806817 ], [ 32.222353440883175, -11.39711757209971 ], [ 32.225347265213692, -11.457437318048969 ], [ 32.234326375636115, -11.46625183940828 ], [ 32.263087992107636, -11.465568797622335 ], [ 32.28244367173432, -11.449868066595661 ], [ 32.301747791656929, -11.447903342784553 ], [ 32.30593627021247, -11.454193277077749 ], [ 32.34920636932695, -11.459112582716891 ], [ 32.384860067270765, -11.485920216331536 ], [ 32.399472246938579, -11.481315727811252 ], [ 32.411575919803028, -11.48933108042927 ], [ 32.441158378153617, -11.48949217972905 ], [ 32.454415184212309, -11.513727092088624 ], [ 32.459880105006164, -11.51130019303476 ], [ 32.477617004321189, -11.529608976939876 ], [ 32.490729489741298, -11.574537344020728 ], [ 32.538626500965535, -11.609361684436388 ], [ 32.542996290986437, -11.6375805484026 ], [ 32.574464997634642, -11.64610070692544 ], [ 32.598708213092841, -11.678176822882323 ], [ 32.584162233871595, -11.686893493076996 ], [ 32.590436939181686, -11.698973066232643 ], [ 32.56412585404172, -11.700299642104623 ], [ 32.559990205408056, -11.716986634007986 ], [ 32.538599057433601, -11.728506321365453 ], [ 32.549437205285358, -11.741631259318293 ], [ 32.542177310416641, -11.776905037077059 ], [ 32.528247777601202, -11.769600154607474 ], [ 32.513392341340975, -11.784898869028153 ], [ 32.504658373074776, -11.782747221943701 ], [ 32.51180816143912, -11.796365941594541 ], [ 32.499310579119204, -11.789308456985193 ], [ 32.506797456700681, -11.797963488952583 ], [ 32.495531458347088, -11.800545963430555 ], [ 32.510338442175836, -11.805545060697119 ], [ 32.495835121252455, -11.813480889600941 ], [ 32.488974109810904, -11.805920250429365 ], [ 32.489283034148905, -11.820312733716532 ], [ 32.478207228005587, -11.813667411203744 ], [ 32.455618676961372, -11.83707113485953 ], [ 32.446405720697456, -11.83160368059065 ], [ 32.445850428901196, -11.852871632647688 ], [ 32.420665000185885, -11.869566138707178 ], [ 32.425559915677489, -11.874898835606457 ], [ 32.418953691603328, -11.878288390250814 ], [ 32.43496783600245, -11.895400665934106 ], [ 32.421520597883301, -11.894545934625027 ], [ 32.430518129158934, -11.906222042292979 ], [ 32.409796123663227, -11.925224448333884 ], [ 32.417885421355656, -11.9299486369713 ], [ 32.407254321702176, -11.936542466107836 ], [ 32.414542012242407, -11.946035910012627 ], [ 32.396416119053164, -11.954610182088389 ], [ 32.399279154966543, -11.963852952977595 ], [ 32.385791831324475, -11.971630399617359 ], [ 32.392122428913247, -11.983309309378431 ], [ 32.380372721016833, -11.984813364178798 ], [ 32.381446230239249, -11.995172227024673 ], [ 32.373527537890574, -11.997716696679921 ], [ 32.380493524659606, -12.005080205216375 ], [ 32.376239885008303, -12.016481208911836 ], [ 32.386219546180719, -12.023167010950541 ], [ 32.383285025031952, -12.032788648851984 ], [ 32.371388368924748, -12.025404490179234 ], [ 32.366339756179592, -12.038954398380996 ], [ 32.350353750608448, -12.036353241601665 ], [ 32.352539663410113, -12.053084083642343 ], [ 32.333644836592171, -12.081229583086758 ], [ 32.308769199089092, -12.081064913681681 ], [ 32.302968504211684, -12.0931725904301 ], [ 32.278092535230279, -12.106152242364868 ], [ 32.283257450160285, -12.138739826272094 ], [ 32.27240614198962, -12.154390932054211 ], [ 32.281738228334945, -12.15538625943058 ], [ 32.295924205011161, -12.177471711426051 ], [ 32.293683229075839, -12.18827758499155 ], [ 32.307504371169074, -12.193731160179937 ], [ 32.286233650443286, -12.214129686342119 ], [ 32.285284739347411, -12.243842278916311 ], [ 32.276472178375315, -12.248965888979017 ], [ 32.279372514135908, -12.274037441231796 ], [ 32.263532214405508, -12.269895350413591 ], [ 32.262862905738444, -12.296490809083563 ], [ 32.219879218282635, -12.318039300112408 ], [ 32.227366113830392, -12.327188116112954 ], [ 32.221756885872637, -12.337544004585373 ], [ 32.206878164381948, -12.331715964607891 ], [ 32.204667746437629, -12.343627318644661 ], [ 32.193496821282153, -12.346274210688675 ], [ 32.196610418887836, -12.375481138957428 ], [ 32.182885974146728, -12.386255254588187 ], [ 32.194577559247641, -12.39401593018637 ], [ 32.171534919708762, -12.397009272220007 ], [ 32.174259173097262, -12.412973177656712 ], [ 32.15473536208706, -12.411753747761608 ], [ 32.143619006890127, -12.424606785780766 ], [ 32.148793143026538, -12.450772565858037 ], [ 32.139543630720439, -12.467445328830882 ], [ 32.154683798789769, -12.49002519270659 ], [ 32.147196903241984, -12.506314888386822 ], [ 32.13462367109706, -12.511187674727681 ], [ 32.132650932105584, -12.533786920163079 ], [ 32.145319237448611, -12.547313035144784 ], [ 32.130036460929631, -12.549447450971705 ], [ 32.133078755657934, -12.56605817388056 ], [ 32.109952563814495, -12.602755710239823 ], [ 32.125211571809373, -12.612358371788266 ], [ 32.101301040230105, -12.630124665287788 ], [ 32.094146894138305, -12.653617878314343 ], [ 32.099756125689311, -12.669363847311827 ], [ 32.086160873059107, -12.669572550231143 ], [ 32.064032932278515, -12.689537671378178 ], [ 32.070949399417515, -12.699276187908772 ], [ 32.061893819906537, -12.702267227693268 ], [ 32.049201748734326, -12.730228274603006 ], [ 32.050057393144151, -12.742329866123571 ], [ 32.061679907681174, -12.742955792862436 ], [ 32.035440119130371, -12.770077875342505 ], [ 32.043925269334224, -12.770564653620545 ], [ 32.048773924283637, -12.796362653913361 ], [ 32.030377551955603, -12.789200671287642 ], [ 32.032374054979634, -12.803037717602599 ], [ 32.019396768704723, -12.815900623102459 ], [ 32.0201811111355, -12.83008382219357 ], [ 32.005706442876438, -12.833073316953859 ], [ 32.002569079441578, -12.851079049788284 ], [ 31.984600527072676, -12.85413781083942 ], [ 32.001927343663858, -12.860672311878275 ], [ 32.0062055720011, -12.870821306767375 ], [ 31.998576067105372, -12.880135776271636 ], [ 31.98296054023211, -12.875478584347182 ], [ 31.990090916901476, -12.891396089432938 ], [ 31.982046614923295, -12.90266646677409 ], [ 31.968447135719682, -12.898439847766911 ], [ 31.953724225218387, -12.908285845833394 ], [ 31.945880808097289, -12.904868650050659 ], [ 31.937502614006082, -12.921780424902369 ], [ 31.927341826421276, -12.909328372296198 ], [ 31.92163752436711, -12.93544801103663 ], [ 31.904940557944094, -12.92815100108408 ], [ 31.90641875999864, -12.946682806198393 ] ] ] } },
{ "type": "Feature", "properties": { "PROVINCE": "North-Western" }, "geometry": { "type": "Polygon", "coordinates": [ [ [ 23.595726546915852, -14.035561682001548 ], [ 23.591329479551355, -14.049050415589074 ], [ 23.535831375347183, -14.084901218983617 ], [ 23.529414036434552, -14.098502302741025 ], [ 23.41924970121698, -14.107953425931603 ], [ 23.3913223896757, -14.13607396128697 ], [ 23.376467434912492, -14.16880004258322 ], [ 23.337012679337313, -14.170874071083226 ], [ 23.331308379978111, -14.162462612026498 ], [ 23.32227656719461, -14.171680634102808 ], [ 23.296726045181515, -14.166956443846654 ], [ 23.301360790600523, -14.175943841427115 ], [ 23.28840727195141, -14.189769909347332 ], [ 23.256201733869517, -14.18377871697642 ], [ 23.237543912267913, -14.20532322926819 ], [ 23.22054984692932, -14.194032778276197 ], [ 23.216984658145471, -14.183087415291933 ], [ 23.223758515936485, -14.172487190771445 ], [ 23.215083222929664, -14.163269204936427 ], [ 23.202486222260642, -14.167763019047809 ], [ 23.201892024429423, -14.185737393343969 ], [ 23.192622533591415, -14.179976530756202 ], [ 23.177767583319785, -14.185046097632537 ], [ 23.192476577120683, -14.136427690341463 ], [ 23.21676431398269, -14.121681469350321 ], [ 23.242059049701783, -14.066931106780377 ], [ 23.241474447674459, -14.035642842706553 ], [ 23.22190947136637, -14.003125002826502 ], [ 23.214116885415599, -14.017039932841076 ], [ 23.176924002385913, -14.021325797333439 ], [ 23.174582864296401, -14.032720730708171 ], [ 23.148675079599862, -14.040025829299129 ], [ 23.122658508024127, -14.036887856066805 ], [ 23.101056566774975, -14.008010052035132 ], [ 23.098021434314425, -13.986311010844394 ], [ 23.028880528753753, -14.008594215775064 ], [ 22.994352922917528, -14.005716732606173 ], [ 22.98089178606428, -13.964085917685612 ], [ 22.963150044829899, -13.9406025526535 ], [ 22.853680769385285, -13.87501635199496 ], [ 22.80015634740365, -13.927172778067174 ], [ 22.75486972630905, -13.922826008706513 ], [ 22.723958666839764, -14.003112589219427 ], [ 22.727894256168113, -14.01018262339953 ], [ 22.709502196651741, -14.002772313876534 ], [ 22.710515318425809, -13.99226136364944 ], [ 22.700617897119375, -14.005116418421172 ], [ 22.688148704257358, -13.990824578830193 ], [ 22.668275928301998, -13.983867384316234 ], [ 22.65229977455456, -13.999596395382335 ], [ 22.654793613665948, -13.979103095398614 ], [ 22.638194002161864, -13.975094967898801 ], [ 22.638271931911099, -13.962011346588724 ], [ 22.629855227941984, -13.962238238224501 ], [ 22.627049659952256, -13.948624445929113 ], [ 22.610021419106982, -13.958683604250378 ], [ 22.609242092868797, -13.943216524351092 ], [ 22.587635322276686, -13.947244114570866 ], [ 22.582842474265991, -13.93327015257573 ], [ 22.576841676065776, -13.940209966759046 ], [ 22.562015028115468, -13.933894175673842 ], [ 22.554767308113782, -13.940550332814116 ], [ 22.520593927757016, -13.913584149935604 ], [ 22.508202667339191, -13.912752044771462 ], [ 22.514748994445114, -13.906586802261259 ], [ 22.476075013192411, -13.873658596294755 ], [ 22.443577180385049, -13.874358439693955 ], [ 22.418619311999201, -13.854856593679768 ], [ 22.411927825228169, -13.836872491432583 ], [ 22.389180326277597, -13.833347808324117 ], [ 22.344817275703011, -13.794827554348402 ], [ 22.33887492638674, -13.800711953154714 ], [ 22.316913656329017, -13.797408652312837 ], [ 22.308231763399817, -13.771493801923064 ], [ 22.294064203983563, -13.770831069704014 ], [ 22.276821210988178, -13.752156488110412 ], [ 22.241011246609144, -13.744813631634054 ], [ 22.222502290223183, -13.762167385756232 ], [ 22.195732491163163, -13.7555818153467 ], [ 22.173424325878692, -13.76943400412142 ], [ 22.138763867296756, -13.747784866319609 ], [ 22.116747949127038, -13.765725028762766 ], [ 22.072910944796316, -13.752932394623212 ], [ 22.012006729804966, -13.715799522588018 ], [ 21.997711008645446, -13.717640932360375 ], [ 22.002890502334218, -12.997291326628526 ], [ 23.089319130763645, -12.992798219382149 ], [ 24.056017493585319, -12.998319201930261 ], [ 24.024333868598671, -12.97217532502437 ], [ 24.029858202168789, -12.954480249015308 ], [ 24.024107460807716, -12.94055717903057 ], [ 23.995897136832813, -12.92910481890571 ], [ 23.977060067196081, -12.901056449954776 ], [ 23.939770818292569, -12.894148697159512 ], [ 23.926095830299431, -12.881016822794022 ], [ 23.922541238042673, -12.861439116813816 ], [ 23.893380005118722, -12.840292595935711 ], [ 23.90112312803328, -12.820954554929985 ], [ 23.899311871095598, -12.761054609968694 ], [ 23.929809815128635, -12.706651968998525 ], [ 23.919419872704722, -12.678969732021853 ], [ 23.951110841418842, -12.597687322263793 ], [ 23.947447547622815, -12.538058513588812 ], [ 23.955587599230522, -12.520992264757215 ], [ 23.984352836810942, -12.508876340665964 ], [ 23.98363902919796, -12.499276521327623 ], [ 24.033597260774215, -12.440215434966632 ], [ 24.065651574664532, -12.424937148679659 ], [ 24.077510011948029, -12.381205803300647 ], [ 24.076114902260635, -12.358623544167703 ], [ 24.04316372835693, -12.333573124835738 ], [ 24.06668129820336, -12.308422950988984 ], [ 24.057745952803291, -12.28888528194606 ], [ 24.062495970039542, -12.26963828527149 ], [ 24.039443435557835, -12.234970671088295 ], [ 24.001376858269314, -12.209746148311254 ], [ 23.996726490249188, -12.184064662433698 ], [ 23.983771895418389, -12.169745585122486 ], [ 23.977194947439337, -12.077903360225786 ], [ 23.984236931681409, -11.883853219140043 ], [ 24.002174062778298, -11.848648059084676 ], [ 24.018616432276747, -11.841398416576466 ], [ 24.022702113021033, -11.829597022256161 ], [ 24.012504520560718, -11.811422526015136 ], [ 24.013534246794499, -11.786938694865105 ], [ 23.993671643361406, -11.745783618266177 ], [ 23.990714230444272, -11.713571700703433 ], [ 23.960353974788116, -11.660648206784106 ], [ 23.975490344780379, -11.652783246174739 ], [ 23.983935660091316, -11.620541987207652 ], [ 24.012536408058349, -11.581133871632183 ], [ 24.029669873962767, -11.534714509800864 ], [ 24.038304060960471, -11.53135700419427 ], [ 24.019875466063183, -11.475066527657212 ], [ 24.024165578213331, -11.446110499040095 ], [ 24.045022540309152, -11.42376340830509 ], [ 24.062803569362494, -11.422017879953724 ], [ 24.088112532599084, -11.403080861943359 ], [ 24.057034378402129, -11.306707857660161 ], [ 24.03197843824173, -11.272715923673999 ], [ 24.034740767621862, -11.135350160735932 ], [ 24.005371518115766, -11.129360440842076 ], [ 24.000914429815566, -11.117236123589242 ], [ 24.021716460830046, -11.097962526563164 ], [ 24.014195429301488, -11.08373053579869 ], [ 24.009036406421412, -11.019361371289902 ], [ 24.023881265019174, -10.983242574819357 ], [ 24.015875663361747, -10.962054338619534 ], [ 24.018528542007662, -10.941329798082958 ], [ 23.981694642833467, -10.911657555655616 ], [ 23.999293999298708, -10.890188727635456 ], [ 24.015161215249968, -10.895926992393267 ], [ 24.063410101062559, -10.888108177679339 ], [ 24.097778522735496, -10.907316420875839 ], [ 24.115984753158934, -10.906312863712927 ], [ 24.132503462388517, -10.924773141984215 ], [ 24.119549941942783, -10.949509516565582 ], [ 24.137779939991987, -10.96687041861343 ], [ 24.143531779094353, -10.984020307995706 ], [ 24.135664596144078, -10.996666255255334 ], [ 24.149782741931492, -11.041739274368227 ], [ 24.163288857431009, -11.043341537841135 ], [ 24.172995788286503, -11.025523202046353 ], [ 24.186167428666373, -11.020576594220721 ], [ 24.231323262242128, -11.03625930124144 ], [ 24.244809879808408, -11.050704636835972 ], [ 24.301877459391545, -11.041402370645045 ], [ 24.379303817871818, -11.08518508205921 ], [ 24.391158298974759, -11.101145313027569 ], [ 24.392561364142317, -11.121431532649961 ], [ 24.387550413265469, -11.158628629170604 ], [ 24.377127632926356, -11.173629737166584 ], [ 24.401609711316929, -11.199360163737932 ], [ 24.394479843093983, -11.225706203617053 ], [ 24.409684501217537, -11.23738982005813 ], [ 24.407508318068736, -11.247191333276703 ], [ 24.397600952412102, -11.250786074311794 ], [ 24.401638345116609, -11.264631020784604 ], [ 24.392876337735437, -11.270247444604722 ], [ 24.384916083931852, -11.305122972161575 ], [ 24.363698282959437, -11.328679803304377 ], [ 24.358143288092052, -11.353133054113425 ], [ 24.34388354895124, -11.355322796114194 ], [ 24.339531179958616, -11.368208239041421 ], [ 24.304569056324524, -11.371604959302427 ], [ 24.279600199746113, -11.388363388277359 ], [ 24.310839904268814, -11.409471425017964 ], [ 24.344104627037581, -11.413965575398862 ], [ 24.364216980984271, -11.400801214419207 ], [ 24.403692025908459, -11.424945909209368 ], [ 24.41992755741439, -11.427066342106796 ], [ 24.422990460393642, -11.439662663096737 ], [ 24.437084100140105, -11.443000593807506 ], [ 24.441175109690676, -11.467162681593591 ], [ 24.47996475083287, -11.458724029819813 ], [ 24.496371632385987, -11.466197076710511 ], [ 24.527493304568562, -11.465000564182459 ], [ 24.5483339002582, -11.443504429900228 ], [ 24.585838404368403, -11.45219544566995 ], [ 24.59132893792767, -11.419965668928217 ], [ 24.641516724093279, -11.401261189402771 ], [ 24.659399331944037, -11.367543006582972 ], [ 24.692663726827728, -11.343192236145384 ], [ 24.693520174331393, -11.333518525737851 ], [ 24.738911855195134, -11.331301587303985 ], [ 24.728754568344982, -11.316878062896922 ], [ 24.750593789694928, -11.303017325932522 ], [ 24.782830448113238, -11.302211084115138 ], [ 24.794512382613032, -11.30997108035146 ], [ 24.825378725744102, -11.296634506230665 ], [ 24.852099866658438, -11.296063402825714 ], [ 24.869776929192405, -11.285716195362648 ], [ 24.872860137690346, -11.265625414631474 ], [ 24.911571535571252, -11.274595887231857 ], [ 24.927295898731085, -11.259678543767881 ], [ 24.967925736037824, -11.262433607872545 ], [ 24.977038330721545, -11.252689973821267 ], [ 25.027877012785879, -11.245096430982171 ], [ 25.033529561998186, -11.254941119065281 ], [ 25.054598154598544, -11.250472410817292 ], [ 25.063231137853773, -11.259846534882941 ], [ 25.09940745137536, -11.251144399700744 ], [ 25.118394879227701, -11.25474792382369 ], [ 25.145664145178959, -11.237326282675776 ], [ 25.205101554143472, -11.23615024119345 ], [ 25.238040500179519, -11.226187304738696 ], [ 25.255186564955757, -11.209570444238052 ], [ 25.270208643192777, -11.209923287901653 ], [ 25.302667561880341, -11.191737869375656 ], [ 25.318271209432286, -11.188229944893594 ], [ 25.338248796323423, -11.200422847798084 ], [ 25.351885887089676, -11.195683968377278 ], [ 25.333820513401118, -11.229940377190427 ], [ 25.335883691182151, -11.248745124212208 ], [ 25.316409973825426, -11.259885650596145 ], [ 25.33801501785555, -11.280817656319559 ], [ 25.292076969059615, -11.305872856583663 ], [ 25.300746910802292, -11.32060290788853 ], [ 25.31564940081708, -11.32717498156487 ], [ 25.309564811360435, -11.330810532017887 ], [ 25.313557821900048, -11.346727178287749 ], [ 25.304478475661597, -11.357050384792355 ], [ 25.280045049128489, -11.356747452073545 ], [ 25.28783793960811, -11.396076287966389 ], [ 25.302220523364035, -11.4133437246568 ], [ 25.294781163067825, -11.427624988163661 ], [ 25.305904552073432, -11.433309338206165 ], [ 25.308328877751524, -11.487677621904451 ], [ 25.332049269222786, -11.494571909401989 ], [ 25.313819271173578, -11.518234800852179 ], [ 25.304217028184659, -11.510456077225848 ], [ 25.292927264900221, -11.519329394603526 ], [ 25.312107978760704, -11.533954617861477 ], [ 25.306308604406766, -11.565135469419083 ], [ 25.32473794041416, -11.579076288247391 ], [ 25.331337940061697, -11.620076285168233 ], [ 25.386137940102376, -11.644376286929429 ], [ 25.416537938125057, -11.668476287136146 ], [ 25.477537938678513, -11.678276284903047 ], [ 25.496475776832249, -11.717589689294048 ], [ 25.499266892725672, -11.751611228694395 ], [ 25.487614398712655, -11.770835927932188 ], [ 25.508839191272912, -11.787073369987535 ], [ 25.517919213942747, -11.777365168917351 ], [ 25.536250580583587, -11.779535236676919 ], [ 25.554867486618921, -11.760518584989056 ], [ 25.579480631006074, -11.756920840745305 ], [ 25.595859784261311, -11.734577248243097 ], [ 25.651004275637042, -11.731462781363524 ], [ 25.670969334623223, -11.775861121831275 ], [ 25.714654779690818, -11.816716149326748 ], [ 25.744507295870299, -11.81448277522462 ], [ 25.769891440011307, -11.826859167129564 ], [ 25.79327907933169, -11.822346036644221 ], [ 25.823844628776389, -11.830674329305731 ], [ 25.855883795274412, -11.808992315608036 ], [ 25.886829633019897, -11.808247839781064 ], [ 25.889514880660457, -11.846438542091215 ], [ 25.901864284077625, -11.850364653903396 ], [ 25.925420946808575, -11.881345237400728 ], [ 25.962112236634788, -11.873778550075542 ], [ 25.990094698446306, -11.895193698671068 ], [ 25.997018927927655, -11.916180544845878 ], [ 25.980950615116893, -11.927291893432667 ], [ 25.979762218556154, -11.947941358914049 ], [ 26.049402239766799, -11.936314599391405 ], [ 26.127646249310228, -11.940081723147365 ], [ 26.168764759351745, -11.931663756601703 ], [ 26.185497379908362, -11.93794237630645 ], [ 26.208124445322071, -11.920780473165468 ], [ 26.230276151033511, -11.934128713235722 ], [ 26.239498106619944, -11.927989533635365 ], [ 26.249195420112017, -11.942779139410664 ], [ 26.292477794704869, -11.941703609187883 ], [ 26.312735060381637, -11.963685128872671 ], [ 26.388079382748113, -11.929782075944837 ], [ 26.404859536759677, -11.92927047328782 ], [ 26.409945874255143, -11.918201048171492 ], [ 26.419975937203201, -11.920340554259207 ], [ 26.428247176080028, -11.910480089638916 ], [ 26.477731996399857, -11.918619648114332 ], [ 26.499931238261205, -11.95201253900176 ], [ 26.539290923333194, -11.961871491929704 ], [ 26.549891418283295, -11.977775272347388 ], [ 26.572328339097446, -11.985959306113985 ], [ 26.592670529704513, -11.968119539307612 ], [ 26.608265442038647, -11.97075354364932 ], [ 26.624475166743093, -11.985773308641203 ], [ 26.688743636253864, -11.992562156181366 ], [ 26.709279123648834, -12.00646480640712 ], [ 26.739559461584083, -11.974799194895098 ], [ 26.774355703216123, -11.955314399420736 ], [ 26.819562296097033, -11.9870752926523 ], [ 26.856557962989243, -11.978603650998179 ], [ 26.877038754661509, -11.982256322796792 ], [ 26.893980518287631, -11.958366533600643 ], [ 26.911969243224583, -11.948372798680438 ], [ 26.91491977414832, -11.934762279204207 ], [ 26.940142060739738, -11.93618995929436 ], [ 26.961652388202936, -11.909349639301301 ], [ 26.969837733765598, -11.876798612434682 ], [ 27.008194646553914, -11.841392231414428 ], [ 26.993632344943943, -11.823879399054197 ], [ 27.008004289053645, -11.813695304845739 ], [ 27.004641072986704, -11.745770992092536 ], [ 27.018703687618178, -11.746698982653033 ], [ 27.031838311120151, -11.735991407131069 ], [ 27.031909694845904, -11.725283832799064 ], [ 27.047756908010694, -11.70700957386984 ], [ 27.041832047994749, -11.675243767641829 ], [ 27.023129484902114, -11.648117911909129 ], [ 27.030767554335778, -11.633412842578515 ], [ 27.017632929037173, -11.621134825353991 ], [ 27.020773818359512, -11.609142342231532 ], [ 27.04939873370266, -11.590011474061283 ], [ 27.081164539266478, -11.606001453282472 ], [ 27.119640422236088, -11.587655808287797 ], [ 27.159187067379964, -11.599362756010068 ], [ 27.173892134644777, -11.584586303004441 ], [ 27.194522061027275, -11.579946354720787 ], [ 27.205372402610696, -11.560101650305969 ], [ 27.236709904921735, -11.680383402926729 ], [ 27.227287237853055, -11.693518028562654 ], [ 27.233045534944019, -11.711625726429455 ], [ 27.220577158650631, -11.745794787099596 ], [ 27.232569643439103, -11.784913127293848 ], [ 27.257411215029954, -11.799475426569238 ], [ 27.266738702001035, -11.793098471038116 ], [ 27.292341702694696, -11.802997029736444 ], [ 27.325939693247371, -11.826886816755884 ], [ 27.340406814759746, -11.827743423602183 ], [ 27.340026099759172, -11.837641983197637 ], [ 27.374861410919571, -11.854964458371043 ], [ 27.380191403859428, -11.865624442939644 ], [ 27.396942809086983, -11.871239970729272 ], [ 27.400083696612665, -11.885326381109047 ], [ 27.421213311770249, -11.891132264673878 ], [ 27.468802529635425, -11.930631318316316 ], [ 27.476797520392736, -11.946716474089465 ], [ 27.461726964571422, -12.005384465057874 ], [ 27.465210495597617, -12.042389842973453 ], [ 27.472013375260492, -12.053513823022225 ], [ 27.483851192614949, -12.048100548109957 ], [ 27.496045931293018, -12.056547634250871 ], [ 27.495332092239007, -12.070526968848283 ], [ 27.5110365352574, -12.089146251273512 ], [ 27.510746338098123, -12.122717404633324 ], [ 27.524297391819736, -12.161439569788403 ], [ 27.559782903582779, -12.199750535099092 ], [ 27.591390932643318, -12.206273632931705 ], [ 27.616476925043216, -12.22172951681414 ], [ 27.615347916105925, -12.240278711002508 ], [ 27.628903774017651, -12.2560649821504 ], [ 27.622835739613382, -12.264223833974953 ], [ 27.584406473817108, -12.272523777127899 ], [ 27.572873656061201, -12.266760719999009 ], [ 27.558185937061136, -12.279791852052229 ], [ 27.532782834874382, -12.282301404961746 ], [ 27.497858039833613, -12.315713717640183 ], [ 27.483984515179536, -12.311662722254919 ], [ 27.502853831640007, -12.289795120769163 ], [ 27.500998929155919, -12.282306087779506 ], [ 27.480345207299905, -12.277071272203232 ], [ 27.474634501156071, -12.295059997582531 ], [ 27.464863063178338, -12.303364345743223 ], [ 27.472811168166011, -12.289562878828137 ], [ 27.447379489671757, -12.269636560401809 ], [ 27.47818272076422, -12.267081795724968 ], [ 27.474379853027532, -12.25588698832275 ], [ 27.460404310299918, -12.265641826792884 ], [ 27.458550414827243, -12.24682859927848 ], [ 27.449375993594089, -12.248686754950084 ], [ 27.440792854260675, -12.264984247410869 ], [ 27.428709479728376, -12.257865457804087 ], [ 27.393072626992801, -12.283387499587178 ], [ 27.365169082178998, -12.286127894109425 ], [ 27.356384820833298, -12.320646894245876 ], [ 27.33377994290877, -12.313657224801842 ], [ 27.306118706964774, -12.327933993380013 ], [ 27.298372776814919, -12.368184974341501 ], [ 27.247935473697659, -12.35307858069009 ], [ 27.11875680069506, -12.346763304590739 ], [ 27.060620455892547, -12.333946541268727 ], [ 27.084626600557375, -12.415751282877538 ], [ 27.063811085830462, -12.453419004184088 ], [ 27.065461202074172, -12.483420863246872 ], [ 27.098592416327115, -12.525712719788345 ], [ 27.043416179387563, -12.533076341420106 ], [ 27.00110061661924, -12.558303527701055 ], [ 26.967703500143887, -12.593216639170501 ], [ 26.954248911110785, -12.62467533071375 ], [ 26.935365509964921, -12.633883025424446 ], [ 26.915021478709836, -12.63020353711547 ], [ 26.884201355696788, -12.637389630897092 ], [ 26.868052669719219, -12.675951059166518 ], [ 26.867225323139191, -12.720704342637715 ], [ 26.851296596845479, -12.74466972019483 ], [ 26.87289208369932, -12.786426263229231 ], [ 26.890635186779701, -12.790365245872547 ], [ 26.918483296557319, -12.822669309773945 ], [ 26.90252986030508, -12.860016885781869 ], [ 26.874126267390082, -12.888327611787142 ], [ 26.9492813111329, -12.94303160226008 ], [ 26.997142961074289, -12.94649131431312 ], [ 27.019396943574097, -12.958626896948999 ], [ 27.021984169745778, -12.974369755882229 ], [ 27.041746302902531, -12.981186132947032 ], [ 27.035796166091089, -13.000165988648764 ], [ 27.071955709862966, -13.00197683032096 ], [ 27.090991204769562, -12.980282339226317 ], [ 27.117709735179666, -12.978492162611882 ], [ 27.113657179811483, -12.999357044322467 ], [ 27.088101744013766, -13.018270526637862 ], [ 27.082121409435732, -13.055077654214674 ], [ 27.086830490444516, -13.06989935601338 ], [ 27.074020802852175, -13.129850741208488 ], [ 27.028331440066239, -13.144825111423694 ], [ 26.954078636346992, -13.219075415282139 ], [ 26.948739247029231, -13.250897648217396 ], [ 26.978827067914249, -13.303315996172635 ], [ 26.974181508575853, -13.346759682165722 ], [ 26.964226743313237, -13.362021825951656 ], [ 26.928449907903563, -13.373585192926702 ], [ 26.917891822418031, -13.426875154205545 ], [ 26.861896464771508, -13.442630091901512 ], [ 26.848483757891877, -13.498368038591618 ], [ 26.793568797749344, -13.586230429332863 ], [ 26.779437673102695, -13.670473076379514 ], [ 26.793325904076294, -13.69665883297678 ], [ 26.838118871277871, -13.721092371937759 ], [ 26.867126466237114, -13.75280761582097 ], [ 26.879699708263534, -13.799987792008077 ], [ 26.933288575383639, -13.819274900758026 ], [ 26.940307617551674, -13.829895017770246 ], [ 26.94268798866289, -13.845092773138768 ], [ 26.919636262664902, -13.896036946394501 ], [ 26.908166353030037, -13.985481565132227 ], [ 26.85935118094044, -14.025429417092655 ], [ 26.901264599397098, -14.074669483403174 ], [ 26.966245708710925, -14.126365432665361 ], [ 26.987155272556517, -14.165063049776371 ], [ 26.986188882041855, -14.220802022620727 ], [ 26.980522437688705, -14.233831621107567 ], [ 26.958951261043119, -14.239467512053762 ], [ 26.968084083092116, -14.250563493176021 ], [ 26.96842513657457, -14.423392830322911 ], [ 26.937289155127829, -14.419019216266795 ], [ 26.911619796782411, -14.42454376835672 ], [ 26.864083946031666, -14.414185121595706 ], [ 26.845663804281198, -14.425234326756669 ], [ 26.812507547693105, -14.417638056189515 ], [ 26.797296076746431, -14.433751048072057 ], [ 26.76176302703686, -14.437433855258732 ], [ 26.745363157732854, -14.457112814225697 ], [ 26.718624242752284, -14.45250970625993 ], [ 26.698778027284938, -14.466663960899474 ], [ 26.689627373677553, -14.465168024818901 ], [ 26.684992630055177, -14.452394626143359 ], [ 26.659442108940386, -14.446065192375759 ], [ 26.632227835155874, -14.450208115227483 ], [ 26.618442437926117, -14.475179098066059 ], [ 26.5819586733036, -14.455156503792194 ], [ 26.554269039816827, -14.466203674616985 ], [ 26.544405352045928, -14.481622765594425 ], [ 26.532996747039313, -14.479551606780594 ], [ 26.523709766002721, -14.489702625044217 ], [ 26.511529607880036, -14.53727018876584 ], [ 26.443309328161863, -14.566122946779572 ], [ 26.424529403953589, -14.586261218852238 ], [ 26.39936268085744, -14.638974190635002 ], [ 26.372889395011459, -14.660732399184912 ], [ 26.383139978192059, -14.701745136283638 ], [ 26.360322769077126, -14.716343145933298 ], [ 26.348233651615214, -14.714187662164964 ], [ 26.334296890955027, -14.733238839428633 ], [ 26.317659343596482, -14.727607088250915 ], [ 26.308865210664109, -14.697721889093634 ], [ 26.254555503020679, -14.684961963380857 ], [ 26.223407786881385, -14.66277393422067 ], [ 26.185654887815339, -14.657449761766548 ], [ 26.18573793885999, -14.612876285127951 ], [ 25.59693208075808, -14.536543239313385 ], [ 25.591298787832219, -14.524598413933939 ], [ 25.567447130040026, -14.537119046954293 ], [ 25.516665184670739, -14.53711871913173 ], [ 25.44078405693827, -14.578165927338437 ], [ 25.40126370278778, -14.588256290023317 ], [ 25.32577768016839, -14.581067503431672 ], [ 25.308311499842343, -14.593696296209053 ], [ 25.291261595225702, -14.590116550905432 ], [ 25.231721294126878, -14.603215983858474 ], [ 25.192020864592862, -14.624293823808108 ], [ 25.176411722046307, -14.618028963062462 ], [ 25.151166063087839, -14.621525651722914 ], [ 25.141297596279617, -14.634080194869622 ], [ 25.045064037145806, -14.628276045273926 ], [ 24.98373164107262, -14.591267738912213 ], [ 24.978210723795492, -14.576938703634987 ], [ 24.985323843828283, -14.560812674805268 ], [ 24.972890563814698, -14.560082678879001 ], [ 24.979803802408561, -14.546969293382825 ], [ 24.972765137441463, -14.531498826845535 ], [ 24.979666237999211, -14.529767743238068 ], [ 24.988549897931115, -14.492111190863019 ], [ 25.024335491914822, -14.463633731575255 ], [ 25.024241397880381, -14.446785696786462 ], [ 25.049806115969904, -14.435736843344539 ], [ 25.054494147654935, -14.424226735032624 ], [ 25.072301208986893, -14.414351046427852 ], [ 25.072993851393459, -14.379895445078516 ], [ 25.086266663633904, -14.370309608114253 ], [ 25.098576905894568, -14.341036131788183 ], [ 25.11166639713834, -14.339281602622664 ], [ 25.108002500572756, -14.314821107209129 ], [ 25.132325390308484, -14.30860440266205 ], [ 25.133854233988838, -14.289749958167466 ], [ 25.115380459222663, -14.284813247226628 ], [ 25.117538635641612, -14.27231284327835 ], [ 25.126070977042325, -14.269637570810014 ], [ 25.101829110853668, -14.258011919973743 ], [ 25.109859538352282, -14.252806936698493 ], [ 25.107299839255827, -14.240256109935139 ], [ 25.092192598034945, -14.240256109935139 ], [ 25.104589583416104, -14.230964157863138 ], [ 25.105994906948261, -14.218704033243206 ], [ 25.076934782104452, -14.20877868063074 ], [ 25.06503970972706, -14.21578485591869 ], [ 25.054935805262694, -14.209527876868105 ], [ 25.055955288007276, -14.219141903674528 ], [ 25.042705083667585, -14.211308712991478 ], [ 25.034022181930318, -14.217779629585536 ], [ 25.029203925071826, -14.2050808898081 ], [ 25.021988679167677, -14.210142358712773 ], [ 24.989804639567147, -14.197490499030108 ], [ 24.972087506781623, -14.207659618112352 ], [ 24.961798523317565, -14.195641519852316 ], [ 24.918158770158602, -14.183865870917602 ], [ 24.918309342173256, -14.175690827400263 ], [ 24.900441640966363, -14.165763589332379 ], [ 24.865910802991745, -14.164546984117454 ], [ 24.839008869838267, -14.149314564176915 ], [ 24.813173881019083, -14.155981491760416 ], [ 24.790479385365217, -14.12523085619741 ], [ 24.764720538647811, -14.131963911597667 ], [ 24.767490238704866, -14.122234080148985 ], [ 24.748195999352031, -14.116477577708032 ], [ 24.75208412709063, -14.102943007231055 ], [ 24.736169926555082, -14.098775526025602 ], [ 24.736392758152888, -14.085232382191053 ], [ 24.743127549110504, -14.087387361385419 ], [ 24.74941872233639, -14.076546531651635 ], [ 24.745835358837731, -14.02535626741027 ], [ 24.72708903072277, -14.027040284284698 ], [ 24.726255863059684, -14.002789213734808 ], [ 24.715311210049528, -14.004159880579703 ], [ 24.715771805940097, -13.995850243060749 ], [ 24.69008239360431, -13.979411452386268 ], [ 24.690568410020774, -13.968698661149714 ], [ 24.680778660784306, -13.973819301658047 ], [ 24.669600293984967, -13.959669880277414 ], [ 24.665781597034698, -13.970585224327294 ], [ 24.652034289271299, -13.970383090588784 ], [ 24.647382421064652, -13.979748319923958 ], [ 24.635162592440683, -13.976581701146769 ], [ 24.642175105653216, -14.00541652995021 ], [ 24.655019811371975, -14.005551265271837 ], [ 24.640873001242145, -14.022993084002733 ], [ 24.62030238343138, -13.992496186340974 ], [ 24.622798014681745, -13.961244146362827 ], [ 24.608359000556323, -13.96787546869677 ], [ 24.602714120261567, -13.955419958330641 ], [ 24.588750463143448, -13.964703989575209 ], [ 24.600515586130147, -13.97070093073811 ], [ 24.603605417906692, -13.985173672171546 ], [ 24.58785916729498, -13.987941263060511 ], [ 24.587978006322231, -13.996878051425679 ], [ 24.577282438174056, -13.97975370795252 ], [ 24.562665165956904, -13.988171893913567 ], [ 24.563794140758205, -13.970643267579867 ], [ 24.5393725989363, -13.962224442392257 ], [ 24.495520775996656, -13.908878839152456 ], [ 24.487380262654874, -13.915915397080239 ], [ 24.488093298615016, -13.93166035964477 ], [ 24.472049950884319, -13.941637382739419 ], [ 24.48363681308437, -13.956284945640926 ], [ 24.463790597617024, -13.963262394913036 ], [ 24.442280623191717, -13.949422621300817 ], [ 24.431644475904644, -13.967875467825001 ], [ 24.418631538191057, -13.966837536086013 ], [ 24.41251129729574, -13.945385863370557 ], [ 24.385118763622874, -13.961705462199282 ], [ 24.335047759342498, -13.944242682704388 ], [ 24.33027427811103, -13.939503604806466 ], [ 24.342277077355575, -13.925547059005282 ], [ 24.335681478554623, -13.906514045595632 ], [ 24.326055468838227, -13.907552250302034 ], [ 24.316370040057357, -13.894862762595142 ], [ 24.309952701144759, -13.897689117125623 ], [ 24.309180241628589, -13.91649215431622 ], [ 24.291413718570411, -13.915165609127792 ], [ 24.311557034750027, -13.931775704569301 ], [ 24.310546898077646, -13.944751510382755 ], [ 24.299316552959358, -13.933678868762053 ], [ 24.299078874006558, -13.948211601948705 ], [ 24.275786307884282, -13.942675429665707 ], [ 24.263248726279706, -13.915338638405782 ], [ 24.250592305647874, -13.917299612727307 ], [ 24.24447206565085, -13.92716190974604 ], [ 24.235737353579587, -13.916261450896902 ], [ 24.248215515221389, -13.905764228915315 ], [ 24.230033050627132, -13.90605262123986 ], [ 24.214583899829325, -13.921394533606247 ], [ 24.197589833592399, -13.91695355784849 ], [ 24.198956489143161, -13.925950771876598 ], [ 24.188379761818865, -13.936158723677174 ], [ 24.156718919006138, -13.933243091038682 ], [ 24.13620916744571, -13.969663009115875 ], [ 24.103350009773227, -13.963954360953434 ], [ 24.106499259715882, -13.945501199693775 ], [ 24.094080518036886, -13.943482797431773 ], [ 24.091644306749298, -13.95841856835103 ], [ 24.078461200273143, -13.960963449277056 ], [ 24.077740069593954, -13.984308793353851 ], [ 24.06413293404918, -13.989901620119129 ], [ 24.056791815309108, -13.984780067361202 ], [ 24.062528597748987, -13.969605346569494 ], [ 24.040959205157531, -13.971796508823136 ], [ 24.029847699964822, -13.997396950568808 ], [ 24.007624691376002, -13.995955558940192 ], [ 24.016418823410078, -14.013482254092095 ], [ 23.98164582478767, -14.001710741589124 ], [ 23.965770726119811, -14.00455713216593 ], [ 23.944758528854706, -13.986269181370337 ], [ 23.930497771922678, -14.002239955938077 ], [ 23.915583400789913, -13.987768289115179 ], [ 23.903045820083669, -13.991573678015952 ], [ 23.878743116390716, -13.981656476122433 ], [ 23.8666808953867, -13.999703155583706 ], [ 23.843626006420635, -14.008812443982531 ], [ 23.830315968893142, -13.993476346672622 ], [ 23.827582655994981, -13.971796507951414 ], [ 23.808805995366164, -13.967875467825001 ], [ 23.796327834622691, -13.988748471341987 ], [ 23.759131033141703, -13.988979101385651 ], [ 23.728826927580688, -14.032448783687935 ], [ 23.700661936188276, -14.038443957041816 ], [ 23.695670671890888, -14.025531083364136 ], [ 23.676537490587023, -14.015038838097862 ], [ 23.655740556613445, -14.031065260145045 ], [ 23.629476998640214, -14.038098085985908 ], [ 23.595726546915852, -14.035561682001548 ] ] ] } },
{ "type": "Feature", "properties": { "PROVINCE": "Northern" }, "geometry": { "type": "Polygon", "coordinates": [ [ [ 30.613531527274287, -11.328202299249901 ], [ 30.61139241400398, -11.331628096187256 ], [ 30.611677630903312, -11.340017631359508 ], [ 30.596121734198618, -11.349985718574498 ], [ 30.607435265108826, -11.364433275771196 ], [ 30.594361497077482, -11.391461053918752 ], [ 30.549225542320631, -11.405477557560099 ], [ 30.540944281838488, -11.418403062601714 ], [ 30.548332149804274, -11.426497591092678 ], [ 30.542655571556406, -11.441930729237813 ], [ 30.521834870855354, -11.474286420049802 ], [ 30.46787594994046, -11.506201725040317 ], [ 30.367163249764534, -11.440680468107548 ], [ 30.110406435694326, -11.230171253204453 ], [ 29.99695227227695, -11.235112904746172 ], [ 29.815864639227698, -11.437589181638113 ], [ 29.812554669900909, -11.408949983181259 ], [ 29.905805474643429, -11.031300085639518 ], [ 29.904481488170369, -11.003654380812122 ], [ 29.866680969411117, -10.872416866274396 ], [ 29.83646691726236, -10.85566679094056 ], [ 29.813661245210614, -10.826693802303192 ], [ 29.810080832677659, -10.809492152665721 ], [ 29.778635469650425, -10.79519491969916 ], [ 29.772564334261773, -10.775544672959427 ], [ 29.759488045557749, -10.777073922197332 ], [ 29.737616394127691, -10.750005082032052 ], [ 29.714499381269821, -10.745569841989012 ], [ 29.692627729839792, -10.724845706202148 ], [ 29.655189066850053, -10.710926853701535 ], [ 29.60348400371165, -10.714747556639896 ], [ 29.602029404891205, -10.740388699028468 ], [ 29.586815999871714, -10.761561317112969 ], [ 29.587329388853238, -10.777196043795204 ], [ 29.579949434146783, -10.771403164400622 ], [ 29.547910202970062, -10.775797728856205 ], [ 29.541136331704323, -10.786024353785079 ], [ 29.497547057576124, -10.794690096013902 ], [ 29.48470759981527, -10.812402771440137 ], [ 29.464939111077882, -10.812465152147038 ], [ 29.437695309669984, -10.829445623226073 ], [ 29.431419043986228, -10.842016937870937 ], [ 29.401537948804254, -10.847343457269266 ], [ 29.371302550887737, -10.879119140986241 ], [ 29.358551510707034, -10.881112438847842 ], [ 29.359906455819733, -10.917780437936518 ], [ 29.395142138017434, -10.957890660440105 ], [ 29.388059149275911, -11.001673729306836 ], [ 29.42946739923422, -11.037734481175802 ], [ 29.418959667015333, -11.072797785309067 ], [ 29.424518621656521, -11.101358817408228 ], [ 29.38377821790797, -11.110835579596882 ], [ 29.353656051734689, -11.077304531090638 ], [ 29.334508627642013, -11.080589063952376 ], [ 29.29208851983925, -11.068214586937083 ], [ 29.286484397905564, -11.053318689359664 ], [ 29.191992635276733, -10.963927456422072 ], [ 29.169031295067732, -10.956973668252985 ], [ 29.118280993752638, -10.964574975226267 ], [ 29.080048617107092, -10.937721971047266 ], [ 29.095379659207953, -10.909294743621597 ], [ 29.139469161998768, -10.89986588529819 ], [ 29.201711893712897, -10.856421628092292 ], [ 29.202670220949578, -10.841183203309242 ], [ 29.191460080738668, -10.819678502175403 ], [ 29.201300000883766, -10.789304601628068 ], [ 29.187942427206394, -10.766399576374127 ], [ 29.199455803622918, -10.73772607917474 ], [ 29.262977767742687, -10.701107209939552 ], [ 29.271486683775723, -10.688869162574683 ], [ 29.293947373113973, -10.681862424428539 ], [ 29.321530538273258, -10.652457779860868 ], [ 29.339202121083957, -10.599515650969442 ], [ 29.363799755159423, -10.599824033226218 ], [ 29.396905779753492, -10.620025984582156 ], [ 29.410837252929934, -10.587267738143504 ], [ 29.409470581209487, -10.557363463236412 ], [ 29.431476228042264, -10.513599053709125 ], [ 29.465369289114605, -10.503480154349974 ], [ 29.453177151059293, -10.498691672254356 ], [ 29.447686751348996, -10.485351744930032 ], [ 29.432627363383297, -10.483706416699441 ], [ 29.419440890919777, -10.4655745040469 ], [ 29.427764038945316, -10.444522502668658 ], [ 29.452256934848538, -10.430111999972073 ], [ 29.468454809876107, -10.38676544203439 ], [ 29.457236326112824, -10.370867665988641 ], [ 29.471876208027361, -10.367465514779182 ], [ 29.497421727322646, -10.332986271935301 ], [ 29.535853495825297, -10.314709586147858 ], [ 29.541320118926624, -10.305028539150944 ], [ 29.586146426201676, -10.283654351384522 ], [ 29.632018521587746, -10.282905993560769 ], [ 29.647657816086813, -10.259565730944734 ], [ 29.646783655602345, -10.243289784273173 ], [ 29.783990635181215, -10.200903455717611 ], [ 29.837309058196819, -10.226032673038672 ], [ 29.847985632366633, -10.201883488227194 ], [ 29.882185366598883, -10.182533849569277 ], [ 29.89619135772308, -10.162882608209385 ], [ 29.919420273715915, -10.073250018921012 ], [ 29.934034073046156, -10.054178009926474 ], [ 29.90960613701608, -9.982151005585923 ], [ 29.910889604978262, -9.956691190329677 ], [ 29.924152001252995, -9.934516609328011 ], [ 29.925600079202773, -9.892539885257149 ], [ 29.934495646303763, -9.883718939379714 ], [ 29.923650735036233, -9.830719704980517 ], [ 29.908391785431835, -9.817557973574731 ], [ 29.883055347222317, -9.817651611105596 ], [ 29.867971434351062, -9.807256569115104 ], [ 29.857813809734367, -9.791701398283486 ], [ 29.870648464203374, -9.781067766539257 ], [ 29.863692614024025, -9.772004828708969 ], [ 29.846018889629672, -9.769765506728815 ], [ 29.821252522299435, -9.743820936884706 ], [ 29.815489571037013, -9.71067396571175 ], [ 29.802704372417644, -9.700260842759782 ], [ 29.737040189551635, -9.707822197864839 ], [ 29.726840585763412, -9.685888821834176 ], [ 29.708372979728271, -9.690082625559398 ], [ 29.654586220039274, -9.662716670595573 ], [ 29.623315300857065, -9.664492937608282 ], [ 29.609419487204175, -9.65075669084921 ], [ 29.594952442048616, -9.658733400952686 ], [ 29.575018649824209, -9.657594859431601 ], [ 29.549662518747017, -9.642003252665388 ], [ 29.532407145170371, -9.647720653769559 ], [ 29.524896481996812, -9.604415957865212 ], [ 29.506927933221167, -9.613367929257086 ], [ 29.497943613468415, -9.598041668144482 ], [ 29.484633388193025, -9.592557783336902 ], [ 29.462624663732093, -9.597057387661916 ], [ 29.469992533403033, -9.552902441135771 ], [ 29.445321468341291, -9.550230434410755 ], [ 29.440235132642457, -9.539542303338095 ], [ 29.414185485996253, -9.534526265571243 ], [ 29.392319140914584, -9.550746061551106 ], [ 29.371260384866613, -9.526322337890797 ], [ 29.354765631909022, -9.531057170557345 ], [ 29.345213179841355, -9.51606523034148 ], [ 29.354188402355206, -9.499719850189932 ], [ 29.341645779405283, -9.487034347632191 ], [ 29.344877987866127, -9.467576166672565 ], [ 29.330237175296968, -9.458104653279134 ], [ 29.322298833199788, -9.439113848892536 ], [ 29.320920149207385, -9.41909025521851 ], [ 29.330759840282084, -9.403145536912433 ], [ 29.325483589952384, -9.387059514387893 ], [ 29.34944143040779, -9.387200241503855 ], [ 29.360707426066419, -9.354087723578424 ], [ 29.347682977340792, -9.337436446555028 ], [ 29.354052594152254, -9.318673635972665 ], [ 29.333849899332392, -9.297188846362353 ], [ 29.34424382578457, -9.246843373764538 ], [ 29.332413655788137, -9.229954232057157 ], [ 29.33744454656933, -9.219089183103318 ], [ 29.331265713059594, -9.20540344158367 ], [ 29.304131748661501, -9.219123643378186 ], [ 29.295427983551772, -9.193868277367093 ], [ 29.286142502701697, -9.198021923754901 ], [ 29.276728375916424, -9.190112805399572 ], [ 29.250982522431329, -9.145148731891437 ], [ 29.191840865807816, -9.146491600025964 ], [ 29.190390613935026, -9.137580108391665 ], [ 29.175329776986775, -9.134179099234087 ], [ 29.179205742434739, -9.126526939241108 ], [ 29.168033284753374, -9.129367954603232 ], [ 29.171013876001453, -9.120860248849899 ], [ 29.155760555240633, -9.117339794870887 ], [ 29.156458079092463, -9.124600277339036 ], [ 29.150487564897126, -9.123999515136756 ], [ 29.126009607977068, -9.099649762679421 ], [ 29.107791384146289, -9.094138472106863 ], [ 29.115729872668833, -9.085079259803994 ], [ 29.110358319172324, -9.078930132252514 ], [ 29.123620822346581, -9.077474980076612 ], [ 29.122317339021528, -9.066244906721902 ], [ 29.132070749608143, -9.06306537406747 ], [ 29.132108777989071, -9.051216894811834 ], [ 29.14259551208821, -9.042236463350729 ], [ 29.172052586286373, -9.049094153404745 ], [ 29.175778459420069, -9.010232201037859 ], [ 29.187924346814651, -9.000976560430539 ], [ 29.188803282743152, -8.966050235580674 ], [ 29.198650357969491, -8.94882167621739 ], [ 29.264211934365438, -8.926191301000941 ], [ 29.302841790371385, -8.877153571031723 ], [ 29.316888632383122, -8.797630794080401 ], [ 29.315082270365426, -8.726853833157055 ], [ 29.371840075804307, -8.723259421613141 ], [ 29.43979257402448, -8.624481889627448 ], [ 29.488683197411419, -8.581475971242941 ], [ 29.488065230157797, -8.534657431841666 ], [ 29.498380510005152, -8.500668091095934 ], [ 29.529231277247522, -8.480334155665942 ], [ 29.596299123559021, -8.399649883132378 ], [ 29.607737939806988, -8.416976287031478 ], [ 29.619237939410628, -8.41897628688495 ], [ 29.670537939610995, -8.399876285660332 ], [ 29.697937940080504, -8.36957628758927 ], [ 30.429537940400664, -8.273276285673989 ], [ 30.440137938582403, -8.281476286260107 ], [ 30.469437939658178, -8.272976287803713 ], [ 30.501937939202008, -8.293576287280377 ], [ 30.537037939859172, -8.278976287142758 ], [ 30.564037940295584, -8.297176284848828 ], [ 30.796037939720321, -8.276676287945865 ], [ 30.84213793859232, -8.357176286884759 ], [ 31.016937938676179, -8.576676286646229 ], [ 31.050537938760129, -8.602876287138663 ], [ 31.096937939902723, -8.621376284987178 ], [ 31.136537939584603, -8.621976284235323 ], [ 31.168937939569304, -8.612976286998249 ], [ 31.182758728624609, -8.593293561869574 ], [ 31.194706872570688, -8.595482431313826 ], [ 31.211658877889352, -8.583485232078894 ], [ 31.235664483565021, -8.598103015405627 ], [ 31.244422897685073, -8.591546941913087 ], [ 31.263303700004798, -8.623580411363454 ], [ 31.278751514109455, -8.632311088163771 ], [ 31.294913143013602, -8.629910430840596 ], [ 31.312351628279469, -8.606728421286514 ], [ 31.325328914554348, -8.608373435441392 ], [ 31.325685435229364, -8.616809901125158 ], [ 31.340088797017813, -8.611240446269109 ], [ 31.347979747593858, -8.616903902057841 ], [ 31.3629535386894, -8.607621429020222 ], [ 31.363642810616994, -8.589008801654153 ], [ 31.374552287397272, -8.587481211067528 ], [ 31.391166067130015, -8.623906728168485 ], [ 31.407280721331311, -8.6375595192949 ], [ 31.458952190173022, -8.63908690676627 ], [ 31.486023857304506, -8.681804315599653 ], [ 31.537489048702458, -8.678862886581236 ], [ 31.569837196132333, -8.703908546174723 ], [ 31.58145970887276, -8.737315809649544 ], [ 31.568197208393471, -8.764918008141544 ], [ 31.573402384916186, -8.802124872570227 ], [ 31.567626779984678, -8.813023145883619 ], [ 31.579273061249172, -8.836861996827082 ], [ 31.618109851367361, -8.867721035787859 ], [ 31.653666667804369, -8.881670164010414 ], [ 31.678884435869922, -8.916517172731893 ], [ 31.735808615587629, -8.923256073018871 ], [ 31.765090699765103, -8.894820369055667 ], [ 31.801455626258662, -8.885122136010153 ], [ 31.92519144378571, -8.924453562628143 ], [ 31.94147247496079, -8.917127672367441 ], [ 31.950504285049369, -8.935911713944456 ], [ 31.929505322663335, -8.982233713297815 ], [ 31.936873380980458, -9.019136816672486 ], [ 31.964705619323663, -9.057960819759341 ], [ 31.988069491018241, -9.07525892327442 ], [ 32.069443302876763, -9.048129875624262 ], [ 32.139447406780484, -9.064298080342221 ], [ 32.159998736863798, -9.057540715658197 ], [ 32.172727076617285, -9.081965136869252 ], [ 32.183755396916368, -9.086541747994557 ], [ 32.176038130210607, -9.147235394119983 ], [ 32.164938507932469, -9.187617516648997 ], [ 32.150368769170264, -9.203947388277376 ], [ 32.151010503151355, -9.224499433432596 ], [ 32.163607503820408, -9.260345337770074 ], [ 32.214922453783743, -9.316898415103287 ], [ 32.231560002040574, -9.323934656137435 ], [ 32.246700170109868, -9.359113739201979 ], [ 32.244941344242051, -9.373653389433398 ], [ 32.260295422740072, -9.378976625982219 ], [ 32.253260118370484, -9.425569030112873 ], [ 32.26602349242004, -9.462683695207433 ], [ 32.254695380056106, -9.478422136370911 ], [ 32.269146278892769, -9.509412960076039 ], [ 32.279033736086063, -9.570401819577917 ], [ 32.293104349316863, -9.581135853329942 ], [ 32.292819133315824, -9.59608793524389 ], [ 32.317205022800728, -9.609539560019787 ], [ 32.330562597376428, -9.63897191032202 ], [ 32.3525197037428, -9.646817271676008 ], [ 32.347274608783799, -9.654259679419916 ], [ 32.356025475258832, -9.673557790829932 ], [ 32.341544244806613, -9.719799511626636 ], [ 32.348064959147159, -9.746023777083295 ], [ 32.321432453205269, -9.744073397072654 ], [ 32.297582554314431, -9.755135045578992 ], [ 32.294333907582207, -9.778464293852315 ], [ 32.275869115968874, -9.78020121521879 ], [ 32.237044330936165, -9.813178213259214 ], [ 32.215391750756126, -9.815309440705613 ], [ 32.19920579367745, -9.834443044093192 ], [ 32.182092888413308, -9.837089342946479 ], [ 32.183590265905899, -9.853575539035264 ], [ 32.175437868751239, -9.856338768643507 ], [ 32.179953774244666, -9.867859787286267 ], [ 32.169091832715992, -9.877132509789858 ], [ 32.176745105237529, -9.894459622686435 ], [ 32.153452538216925, -9.916585484765262 ], [ 32.154545863376214, -9.928361923199938 ], [ 32.142852044165188, -9.928689688384043 ], [ 32.128876504132506, -9.943392066780248 ], [ 32.143826529398865, -9.970313496352572 ], [ 32.1202962807305, -9.985318302344156 ], [ 32.123195967907485, -10.017104668382308 ], [ 32.101638460027232, -10.019000515870603 ], [ 32.086284379732575, -10.044605084592838 ], [ 32.06952985196115, -10.049643406057607 ], [ 32.05410261107312, -10.039737095959012 ], [ 32.036870864086758, -10.043528516721119 ], [ 32.032735245995788, -10.076526043247517 ], [ 32.010060645330505, -10.07587080460503 ], [ 32.006495454750031, -10.083335750684792 ], [ 32.013245545813568, -10.087641469633919 ], [ 31.999674062605798, -10.095106141182434 ], [ 32.006709366975393, -10.112211053814933 ], [ 31.98959645991458, -10.116680174691773 ], [ 31.999460152177072, -10.135913069609023 ], [ 32.011867009144858, -10.136287420788396 ], [ 32.011534256993954, -10.16316939272641 ], [ 32.000387100362573, -10.177135896357433 ], [ 32.010060644432208, -10.187873545763345 ], [ 32.002050853930584, -10.22228305199471 ], [ 32.006186472021547, -10.236340517932822 ], [ 31.978330464255951, -10.253391089416603 ], [ 31.984367516664388, -10.268452831388361 ], [ 31.97303021723005, -10.269388320289753 ], [ 31.961596875315465, -10.303037048289756 ], [ 31.933129134604297, -10.308862854781429 ], [ 31.923860281570164, -10.303748661807315 ], [ 31.89488072392923, -10.32456516995477 ], [ 31.880380991775425, -10.32135107816382 ], [ 31.861324063964481, -10.337493986693591 ], [ 31.83738666826665, -10.39308217298713 ], [ 31.845990655701129, -10.420596832654505 ], [ 31.84175996531042, -10.43177031743865 ], [ 31.808033280313502, -10.466410240896263 ], [ 31.793629917626749, -10.462997842916904 ], [ 31.77059879898141, -10.475244905682111 ], [ 31.743812346054337, -10.471598884578526 ], [ 31.737204863440482, -10.485808781353365 ], [ 31.710228268608777, -10.493754817696663 ], [ 31.699941836360143, -10.519995988310209 ], [ 31.680893454222485, -10.533419339588942 ], [ 31.671454424340904, -10.537328109043751 ], [ 31.667663959643342, -10.527364976250418 ], [ 31.634452481818109, -10.524680639350427 ], [ 31.627830939671746, -10.534892717753182 ], [ 31.6128939588416, -10.535588266971066 ], [ 31.605856169731904, -10.550291482920727 ], [ 31.600230288805427, -10.543264081245159 ], [ 31.589200800696446, -10.549007263367651 ], [ 31.580753252173761, -10.55817212998962 ], [ 31.583318784031331, -10.566415473606254 ], [ 31.562984311749162, -10.573849699778052 ], [ 31.52710013844284, -10.564127905073569 ], [ 31.507658478365368, -10.586528904341121 ], [ 31.497265358600281, -10.58825246211326 ], [ 31.48189354286697, -10.567095253910599 ], [ 31.461403220069567, -10.563076462912417 ], [ 31.427819140827371, -10.600201433723516 ], [ 31.329253553419349, -10.629543096868554 ], [ 31.343038947954184, -10.658975374739081 ], [ 31.322123174953351, -10.6547242213085 ], [ 31.305485626696509, -10.669346068876616 ], [ 31.319627541906328, -10.711455866594896 ], [ 31.274872535712024, -10.742094480658549 ], [ 31.253814156058173, -10.721217590946114 ], [ 31.23679632219547, -10.730068259316008 ], [ 31.207324093418439, -10.721497825431465 ], [ 31.14441039474724, -10.752182121636867 ], [ 31.136590747048576, -10.767359656061679 ], [ 31.157815503676215, -10.777866731275314 ], [ 31.156104213958265, -10.797082055051074 ], [ 31.164969648869686, -10.79995374160089 ], [ 31.172908137392263, -10.788210004247578 ], [ 31.187192660153432, -10.785104726771769 ], [ 31.213194770649761, -10.813144469855429 ], [ 31.194798393830137, -10.829229368127049 ], [ 31.17759041716451, -10.81662299020809 ], [ 31.149615567676737, -10.826708135674643 ], [ 31.153489740985687, -10.843282519936873 ], [ 31.186550925274037, -10.872320496684177 ], [ 31.15890882793714, -10.901028901291713 ], [ 31.150899033842261, -10.925627231996408 ], [ 31.104171293148063, -10.967281045169575 ], [ 31.073368062055604, -10.960374150397975 ], [ 31.082827698391498, -10.933165021772176 ], [ 31.066950723143005, -10.918019235915214 ], [ 31.059606433349948, -10.922126642410023 ], [ 31.063409301086594, -10.943876288175058 ], [ 31.046938128905211, -10.956803967232792 ], [ 31.028113932126487, -10.944623028171325 ], [ 31.009812629403307, -10.943432910356757 ], [ 31.025475693324768, -10.919046091762052 ], [ 30.996074771018378, -10.932488259983552 ], [ 30.982170532066405, -11.003259612018581 ], [ 30.951700051328231, -11.020010779695481 ], [ 30.885054786899428, -11.036574370247099 ], [ 30.900385098669979, -11.062770928717217 ], [ 30.89910163070779, -11.075600089929505 ], [ 30.886385791011488, -11.074433826333207 ], [ 30.868631150867913, -11.050151152161643 ], [ 30.85812572821763, -11.052810442794284 ], [ 30.84598031693011, -11.093769884841029 ], [ 30.824113826321369, -11.108323566006263 ], [ 30.820596172789099, -11.131015597559921 ], [ 30.792050892197572, -11.16583148218997 ], [ 30.761936932134414, -11.178935911935806 ], [ 30.749720217969546, -11.200573246664293 ], [ 30.73854929281406, -11.204839901818273 ], [ 30.739999135055079, -11.222255591617433 ], [ 30.720343059695704, -11.2813025706612 ], [ 30.685641887668449, -11.331202145300955 ], [ 30.623350208551138, -11.335783147983102 ], [ 30.613531527274287, -11.328202299249901 ] ] ] } },
{ "type": "Feature", "properties": { "PROVINCE": "Southern" }, "geometry": { "type": "Polygon", "coordinates": [ [ [ 25.862381751695565, -17.969172695318409 ], [ 25.856807196012813, -17.962639331010564 ], [ 25.861477892009489, -17.951132099832254 ], [ 25.845834596414189, -17.944115148197589 ], [ 25.859523353784002, -17.931781362699216 ], [ 25.84758006972362, -17.930716228362531 ], [ 25.858450406906968, -17.927700618923573 ], [ 25.847515292208492, -17.919104653178881 ], [ 25.844225431669329, -17.895687349594041 ], [ 25.818391999630549, -17.896405628614772 ], [ 25.765963824129461, -17.847981171125603 ], [ 25.726930002028443, -17.838984003949932 ], [ 25.709014838333506, -17.842478708727612 ], [ 25.698666727757427, -17.831176020179932 ], [ 25.70047087991956, -17.814780307145011 ], [ 25.691438559587898, -17.808937659789745 ], [ 25.671808034111837, -17.811266428078277 ], [ 25.632381936590861, -17.837405133706888 ], [ 25.604690122892897, -17.83865080490337 ], [ 25.590571975308858, -17.847067194588689 ], [ 25.550534905715395, -17.838548991750098 ], [ 25.513136074923647, -17.865018561591874 ], [ 25.454738282644193, -17.842791175381148 ], [ 25.432954978725743, -17.853582833646108 ], [ 25.39855090741073, -17.851784268960763 ], [ 25.368211148614378, -17.83342430006719 ], [ 25.34831739699716, -17.840449503179894 ], [ 25.309278579364847, -17.825923656603418 ], [ 25.227350541111985, -17.769370194194149 ], [ 25.187456079069875, -17.766348526405793 ], [ 25.156308213810235, -17.741799831859154 ], [ 25.159201956834959, -17.717706243227443 ], [ 25.149148125362835, -17.704630847994473 ], [ 25.134780415911383, -17.711559227427653 ], [ 25.132534345630098, -17.693694329242224 ], [ 25.094636390205242, -17.708604509297889 ], [ 25.103157098423004, -17.690264013331102 ], [ 25.095237938950408, -17.684408351215726 ], [ 25.101817975337383, -17.663611403607561 ], [ 25.087612967851889, -17.661390355953998 ], [ 25.082122576226464, -17.64093836605764 ], [ 25.066649656006231, -17.630031953720614 ], [ 25.065401840381046, -17.615421081744397 ], [ 25.056667128309783, -17.613857990058172 ], [ 25.054135843824085, -17.628842742374317 ], [ 25.044295922780659, -17.629046606241502 ], [ 25.048360237095917, -17.59132755324141 ], [ 25.026755193065789, -17.58442853320431 ], [ 25.019090036731381, -17.595201765867696 ], [ 25.004294504625868, -17.596289248120353 ], [ 24.986611169156273, -17.560500823174532 ], [ 24.975166911812657, -17.55338534462474 ], [ 24.979183690876372, -17.521883533070827 ], [ 24.971863173200667, -17.506153245197513 ], [ 24.987027107099138, -17.473849747920514 ], [ 25.018543440627056, -17.439978185655939 ], [ 25.01716629634705, -17.394340062751198 ], [ 25.025060281432118, -17.365804007278172 ], [ 25.00981333421824, -17.347610781666916 ], [ 25.014289049085892, -17.328267805756067 ], [ 25.038044774890547, -17.312256662964963 ], [ 25.043258247354927, -17.286898925588087 ], [ 25.066915609432609, -17.286805000758854 ], [ 25.075571939003765, -17.254233950963236 ], [ 25.103901750589561, -17.245074507700746 ], [ 25.111451447358863, -17.224569801287974 ], [ 25.119615942125424, -17.222455785308068 ], [ 25.114672980240865, -17.193303377062314 ], [ 25.089810618939392, -17.177069064216791 ], [ 25.087720312036783, -17.164428338155428 ], [ 25.097212767423237, -17.1591180367997 ], [ 25.098294807047594, -17.146664079815746 ], [ 25.104811648750953, -17.149483916407519 ], [ 25.112607263820838, -17.140107792655293 ], [ 25.116369817862513, -17.110683901862068 ], [ 25.126895128314874, -17.113880332673101 ], [ 25.133190642200237, -17.098367729300016 ], [ 25.164987904968676, -17.092256349361726 ], [ 25.176890358802751, -17.066868467890217 ], [ 25.171332601615823, -17.054337806118934 ], [ 25.178046177061354, -17.041289039050532 ], [ 25.156405347743586, -17.022290282692765 ], [ 25.171369489136335, -16.980029952087083 ], [ 25.16223361730696, -16.968892995092911 ], [ 25.164641915243738, -16.963627410072458 ], [ 25.194485736629581, -16.994051961977622 ], [ 25.252022215231491, -16.958550681388573 ], [ 25.265377853937743, -16.91660144534724 ], [ 25.227812833021808, -16.781930860144801 ], [ 25.240512635095339, -16.707166749248099 ], [ 25.222767261972226, -16.699188073143105 ], [ 25.215779491955878, -16.687030883362386 ], [ 25.194744878131168, -16.69078740125309 ], [ 25.114171610717875, -16.665788092685627 ], [ 25.08430249187527, -16.66811113494494 ], [ 25.101158673004289, -16.623090470349741 ], [ 25.071104131107269, -16.597535666796805 ], [ 25.055470777167216, -16.594665663826309 ], [ 25.058946837803511, -16.585474534881385 ], [ 25.039980031676805, -16.571123191081721 ], [ 25.006538560884298, -16.556463212855817 ], [ 25.009052019201494, -16.542075534242052 ], [ 25.025844059720885, -16.523363108423343 ], [ 25.02382972783343, -16.507263844749328 ], [ 25.039766122146403, -16.494650109041867 ], [ 25.042618272275149, -16.471317661142002 ], [ 25.075435834356767, -16.446409520636266 ], [ 25.072779770284846, -16.439810123307879 ], [ 25.084509240036247, -16.434185069012212 ], [ 25.104135605414218, -16.398387800056213 ], [ 25.155848668948536, -16.35859013131866 ], [ 25.180698035221134, -16.351371980273317 ], [ 25.200835178178092, -16.330969833352153 ], [ 25.230362043388986, -16.3209957970681 ], [ 25.250626427316053, -16.291362816049844 ], [ 25.290546397918977, -16.281553730184129 ], [ 25.301939680361798, -16.267110524572196 ], [ 25.295329836077073, -16.252749752975834 ], [ 25.297745928695569, -16.227160717600015 ], [ 25.327857220762318, -16.175250287802051 ], [ 25.349339209971578, -16.166061910277843 ], [ 25.373169433062763, -16.133565040281294 ], [ 25.433237939955404, -16.100076287096304 ], [ 25.392237940157727, -16.081676284031349 ], [ 25.361537939864455, -16.086576285945789 ], [ 25.347737939621446, -16.063676286619355 ], [ 25.323537940314914, -16.050376285678741 ], [ 25.314737939587101, -16.015276284048483 ], [ 25.352037940426246, -15.956576286751556 ], [ 25.348737938805815, -15.924776285834607 ], [ 25.389637939044363, -15.846076285841152 ], [ 25.383337939870795, -15.818676285634066 ], [ 25.401637940036849, -15.768876286298969 ], [ 25.399037938923481, -15.738876285871374 ], [ 25.363037940437668, -15.710876286736154 ], [ 25.319437938628333, -15.754776287004701 ], [ 25.292437939090252, -15.758076288273624 ], [ 25.245164514980079, -15.696754243126744 ], [ 25.277893066593432, -15.675476074173808 ], [ 25.282037940026726, -15.650676286693727 ], [ 25.276337940902799, -15.636676285596664 ], [ 25.261137939645668, -15.619176286094786 ], [ 25.228437940085293, -15.608976285627502 ], [ 25.218135374094153, -15.5904003572855 ], [ 25.284057616890149, -15.521789549408371 ], [ 25.248840333986102, -15.497802731380053 ], [ 25.239807128813897, -15.479309081871374 ], [ 25.258483887799976, -15.462585449226413 ], [ 25.289062501443862, -15.469421385805667 ], [ 25.306030274890709, -15.450378417110032 ], [ 25.316833497142547, -15.412658689851716 ], [ 25.304077147918527, -15.389343261581956 ], [ 25.341637938667763, -15.344176285813447 ], [ 25.3163723263302, -15.284301786927726 ], [ 26.005736087816565, -15.288334082430419 ], [ 26.348188763698786, -15.325350549939262 ], [ 26.825378418641122, -15.331604002763864 ], [ 26.943753715779984, -15.345216365774712 ], [ 27.00890886469697, -15.343315977346618 ], [ 26.977631039266875, -15.464905558311472 ], [ 27.195301056685462, -15.470036400724052 ], [ 27.27495850873461, -15.724049202851516 ], [ 27.280866590017705, -15.72320120240709 ], [ 27.27966955705384, -15.73953517688363 ], [ 27.302378508397265, -15.753358152045232 ], [ 27.303226000595867, -15.65505199932484 ], [ 27.316280001199409, -15.639244999702909 ], [ 27.332389001404305, -15.647764997276418 ], [ 27.353873999969778, -15.611452999121502 ], [ 27.373156404018726, -15.620768911685483 ], [ 27.380405620613676, -15.593299002768232 ], [ 27.396567810964875, -15.584713902953379 ], [ 27.39169538479641, -15.565481974789225 ], [ 27.40108371466167, -15.555979823350706 ], [ 27.407976415073197, -15.555979823350706 ], [ 27.411779282809881, -15.5785324082796 ], [ 27.436022565641725, -15.572007294649488 ], [ 27.439944273303958, -15.586316482034761 ], [ 27.449332605864178, -15.587003297937102 ], [ 27.452778952925815, -15.573381020678058 ], [ 27.462999161371727, -15.569488774389672 ], [ 27.454799228067206, -15.556323282261269 ], [ 27.489619238223344, -15.558155053725905 ], [ 27.48474681385154, -15.543958399618434 ], [ 27.501859720912311, -15.544645357838526 ], [ 27.501503202033927, -15.534913248062448 ], [ 27.517190030886237, -15.53239427484014 ], [ 27.506850984311406, -15.505828677080508 ], [ 27.520042182811647, -15.505141591294699 ], [ 27.535847853386134, -15.475823765694098 ], [ 27.552841919623063, -15.477656252706588 ], [ 27.560328816069141, -15.469753542415807 ], [ 27.567696872589643, -15.474220328411247 ], [ 27.558783899731722, -15.489910584348923 ], [ 27.568528750271998, -15.50697381584261 ], [ 27.592296676096534, -15.508118949985766 ], [ 27.597525619346726, -15.517852325098753 ], [ 27.613093610968409, -15.520256971171561 ], [ 27.623670337394412, -15.51327197070723 ], [ 27.627235525279929, -15.542126503581748 ], [ 27.655519355699592, -15.561933030281201 ], [ 27.652025726711294, -15.591288140578229 ], [ 27.66324393199681, -15.592612208787376 ], [ 27.663719289902446, -15.599480053849492 ], [ 27.640545563705754, -15.626262451835045 ], [ 27.652786043699766, -15.644115439651747 ], [ 27.672869940814905, -15.651553723786366 ], [ 27.671919225003631, -15.676155356203004 ], [ 27.705907358375747, -15.657046440325018 ], [ 27.721118829322418, -15.673866957657943 ], [ 27.75641419918086, -15.641483365654061 ], [ 27.769130039775465, -15.65716086885473 ], [ 27.831054157922935, -15.66289886842876 ], [ 27.824547140195499, -15.686840288712588 ], [ 27.836973634335411, -15.682717467386226 ], [ 27.836577154799944, -15.697871249149502 ], [ 27.831175842812993, -15.70808784498511 ], [ 27.804884392150186, -15.717556279828102 ], [ 27.807758648021473, -15.745497187200938 ], [ 27.83171988410864, -15.748147434583251 ], [ 27.870827963645965, -15.715405083081931 ], [ 27.884692244635776, -15.721518055199848 ], [ 27.888693953562285, -15.712821753805526 ], [ 27.898752731158361, -15.721720939260743 ], [ 27.901321116963615, -15.743049600305994 ], [ 27.922618178090165, -15.761592135594848 ], [ 27.948495735375705, -15.755788269013976 ], [ 27.98617623022983, -15.711245740676066 ], [ 28.017762287396835, -15.717474684249018 ], [ 28.026587821838277, -15.734366446289561 ], [ 28.041072660823005, -15.742046789872578 ], [ 28.080099859645426, -15.746845493888136 ], [ 28.120470770147918, -15.776095579197262 ], [ 28.175350893623744, -15.787076316927758 ], [ 28.187085598756596, -15.814604984838613 ], [ 28.224166295682032, -15.838491810856496 ], [ 28.250251786006384, -15.831428642654297 ], [ 28.252467148278026, -15.818203491321425 ], [ 28.275645364254508, -15.793381743249343 ], [ 28.300759734434251, -15.805131759583595 ], [ 28.340836619157734, -15.78109111817488 ], [ 28.386304638854281, -15.789072460734005 ], [ 28.428212485061245, -15.813240857027285 ], [ 28.430924162035776, -15.833549452599351 ], [ 28.444511348693041, -15.847568236378505 ], [ 28.458428380552945, -15.835016251666831 ], [ 28.474257381273716, -15.847917912810384 ], [ 28.496716646782236, -15.850276527334987 ], [ 28.514041741303007, -15.871175355362851 ], [ 28.536729829273977, -15.872211057987171 ], [ 28.579111879051407, -15.908515118119197 ], [ 28.603943029286661, -15.900645695602124 ], [ 28.623147552993743, -15.908617145039768 ], [ 28.639926091834429, -15.896510816429041 ], [ 28.660676425702643, -15.90802096080118 ], [ 28.671764418391124, -15.905261864654774 ], [ 28.697586086092944, -15.937746340846633 ], [ 28.72190380512588, -15.943626723135438 ], [ 28.733444407682036, -15.9665836568097 ], [ 28.749344838840937, -15.956155768948539 ], [ 28.778504416169842, -15.970153104673743 ], [ 28.789847047105358, -15.952131518273793 ], [ 28.804554040358148, -15.96368399123357 ], [ 28.823009850615271, -15.94519969084921 ], [ 28.861747861984789, -15.950929978015552 ], [ 28.886547869425801, -15.939191888666976 ], [ 28.934098882840217, -15.941813912250781 ], [ 28.883029018439224, -15.977473086320627 ], [ 28.877265695274268, -16.020540534728248 ], [ 28.848268904352953, -16.04344156811155 ], [ 28.861556752594609, -16.117148166619035 ], [ 28.855578545227164, -16.139926971195202 ], [ 28.838525164130395, -16.162128758953191 ], [ 28.836360749810101, -16.213205081269418 ], [ 28.841737809080978, -16.236655401918245 ], [ 28.856470925342229, -16.24674830668485 ], [ 28.819868778934921, -16.310973323181354 ], [ 28.824384855108292, -16.325629072338931 ], [ 28.841676170279442, -16.331160183787436 ], [ 28.839774993778434, -16.357559916226379 ], [ 28.851837467209034, -16.375803740219901 ], [ 28.840132066019034, -16.411545614367089 ], [ 28.820345397176915, -16.434572107774105 ], [ 28.823495055853051, -16.472753246802657 ], [ 28.816840140395556, -16.486143431982992 ], [ 28.738528704205194, -16.548551303263196 ], [ 28.63078795086065, -16.56906483901955 ], [ 28.253476068631503, -16.724729740934663 ], [ 28.136556887567618, -16.82372087671402 ], [ 27.830188332906005, -16.962153371617912 ], [ 27.630310010238158, -17.245375899792563 ], [ 27.621694137194112, -17.331613477574294 ], [ 27.552337939595837, -17.41067628483539 ], [ 27.331537941097402, -17.587876286851145 ], [ 27.143958840158298, -17.807058662058783 ], [ 27.152196904251717, -17.837944736302841 ], [ 27.082904982010295, -17.901849961130615 ], [ 27.041489371256571, -17.96251018336654 ], [ 27.018256225097073, -17.954483648111353 ], [ 26.985813008960672, -17.970027661060815 ], [ 26.962995799845707, -17.966127658342884 ], [ 26.896207929662172, -17.989407718690394 ], [ 26.877526340434805, -17.984321294219193 ], [ 26.866022663128376, -17.994222728765212 ], [ 26.831252195060159, -17.991911648871056 ], [ 26.824716014425348, -18.000784154856106 ], [ 26.828994240965972, -18.01152098393986 ], [ 26.80605819462038, -18.013216212998696 ], [ 26.79952201398557, -18.025816905366451 ], [ 26.771891801359903, -18.019092880217833 ], [ 26.744107095573352, -18.024042692288564 ], [ 26.6974744271789, -18.062189982156848 ], [ 26.693006056937051, -18.077374280344802 ], [ 26.648385053331978, -18.055323846413049 ], [ 26.59857609121325, -18.050755705125287 ], [ 26.602212582874444, -18.035749909387675 ], [ 26.574665556939024, -18.017442913656129 ], [ 26.561949719937711, -17.987446971931892 ], [ 26.50761624017689, -17.98988842991081 ], [ 26.404083158792201, -17.936914778021151 ], [ 26.347775113764964, -17.929669416418836 ], [ 26.309725239750836, -17.936754796171623 ], [ 26.286691841181302, -17.918944009910458 ], [ 26.24510149642666, -17.917433883927995 ], [ 26.219382224090822, -17.884130374347386 ], [ 26.150526194968016, -17.920066918214097 ], [ 26.12655681205954, -17.919215059014988 ], [ 26.087815121190609, -17.934393034143756 ], [ 26.092332270850711, -17.947324263697876 ], [ 26.10620928366302, -17.948137272588387 ], [ 26.087163999814784, -17.982977035795699 ], [ 26.053061545941279, -17.981080380085277 ], [ 26.043742380963007, -17.972487117780403 ], [ 26.032754714820395, -17.980306229913097 ], [ 26.003739143719763, -17.97662896810278 ], [ 25.990187691146168, -17.98324798506998 ], [ 25.988844753813868, -17.997065831066529 ], [ 25.968822789249387, -18.002445593934585 ], [ 25.94009208201016, -17.992305182008486 ], [ 25.917465633739059, -17.99609823090795 ], [ 25.909937048277278, -17.983751174255293 ], [ 25.858417111749247, -17.975003206979672 ], [ 25.862381751695565, -17.969172695318409 ] ] ] } },
{ "type": "Feature", "properties": { "PROVINCE": "Western" }, "geometry": { "type": "Polygon", "coordinates": [ [ [ 23.088352515670174, -17.41889442178708 ], [ 23.069027259287225, -17.384831083263489 ], [ 23.058712318104707, -17.339359892191776 ], [ 23.048570945808134, -17.348034512621691 ], [ 23.042885140065678, -17.33211768917565 ], [ 22.995615318199768, -17.298315656823494 ], [ 22.995991607200938, -17.274594326423468 ], [ 22.918337940817786, -17.23797628702286 ], [ 22.87398476272817, -17.197793347339509 ], [ 22.831176171294278, -17.189827204682047 ], [ 22.800257265041008, -17.165817569729683 ], [ 22.796627357132508, -17.152874600705498 ], [ 22.806543661924529, -17.150196683909936 ], [ 22.792999579129553, -17.125755917037655 ], [ 22.733293443639358, -17.079043474717533 ], [ 22.732181498200898, -17.065122941833145 ], [ 22.716308904934383, -17.059532774426405 ], [ 22.719871832658633, -17.047329554681003 ], [ 22.685132092363038, -17.032974028403995 ], [ 22.692445508856384, -17.018622041185125 ], [ 22.67567937574978, -17.013148872649566 ], [ 22.616387105789077, -16.958400051707248 ], [ 22.608737940365032, -16.937976285779346 ], [ 22.490037939081891, -16.837676287132027 ], [ 22.36663793875752, -16.709976285900233 ], [ 22.323937939268415, -16.646776287179847 ], [ 22.281737939371499, -16.619676286426948 ], [ 22.258337939232824, -16.583376286611276 ], [ 22.224137939099233, -16.569976286749039 ], [ 22.18933793891604, -16.54097628733291 ], [ 22.142837940010985, -16.480676286875514 ], [ 22.135180823598333, -16.408065078166782 ], [ 22.127461506038792, -16.386329508585032 ], [ 22.118286135286372, -16.383407476373417 ], [ 22.127045296804706, -16.372890089790104 ], [ 22.122279330878889, -16.353207223052877 ], [ 22.111983469913017, -16.333472425139892 ], [ 22.090884280694123, -16.320849334828829 ], [ 22.100288694894548, -16.309699187023451 ], [ 22.071032687013155, -16.290094520861249 ], [ 22.081470401843848, -16.280228222121536 ], [ 22.071991340338283, -16.275467261044149 ], [ 22.08083012223522, -16.259993489627778 ], [ 22.060548878726895, -16.260817472145099 ], [ 22.044810206302898, -16.234889234872991 ], [ 22.030687739618976, -16.234329149626767 ], [ 22.02838203557587, -16.217680578864307 ], [ 22.001284502354096, -16.208053521155794 ], [ 21.999127685984487, -14.799539320573166 ], [ 21.99942473998431, -14.704629480353281 ], [ 22.005196509109577, -14.704080355805381 ], [ 21.997710802931245, -13.717642259724721 ], [ 22.004720047174473, -13.714020330124683 ], [ 22.040374143970229, -13.728442773029951 ], [ 22.072910944796316, -13.752932394623212 ], [ 22.116747949127038, -13.765725028762766 ], [ 22.138763867296756, -13.747784866319609 ], [ 22.173424325878692, -13.76943400412142 ], [ 22.195732491163163, -13.7555818153467 ], [ 22.222502290223183, -13.762167385756232 ], [ 22.241011246609144, -13.744813631634054 ], [ 22.276821210988178, -13.752156488110412 ], [ 22.294064203983563, -13.770831069704014 ], [ 22.308231763399817, -13.771493801923064 ], [ 22.316913656329017, -13.797408652312837 ], [ 22.33887492638674, -13.800711953154714 ], [ 22.344817275703011, -13.794827554348402 ], [ 22.389180326277597, -13.833347808324117 ], [ 22.411927825228169, -13.836872491432583 ], [ 22.418619311999201, -13.854856593679768 ], [ 22.443577180385049, -13.874358439693955 ], [ 22.476075013192411, -13.873658596294755 ], [ 22.514748994445114, -13.906586802261259 ], [ 22.508202667339191, -13.912752044771462 ], [ 22.520593927757016, -13.913584149935604 ], [ 22.554767308113782, -13.940550332814116 ], [ 22.562015028115468, -13.933894175673842 ], [ 22.576841676065776, -13.940209966759046 ], [ 22.582842474265991, -13.93327015257573 ], [ 22.587635322276686, -13.947244114570866 ], [ 22.609242092868797, -13.943216524351092 ], [ 22.610021419106982, -13.958683604250378 ], [ 22.627049659952256, -13.948624445929113 ], [ 22.629855227941984, -13.962238238224501 ], [ 22.638271931911099, -13.962011346588724 ], [ 22.638194002161864, -13.975094967898801 ], [ 22.654793613665948, -13.979103095398614 ], [ 22.65229977455456, -13.999596395382335 ], [ 22.668275928301998, -13.983867384316234 ], [ 22.688148704257358, -13.990824578830193 ], [ 22.700617897119375, -14.005116418421172 ], [ 22.710515318425809, -13.99226136364944 ], [ 22.709502196651741, -14.002772313876534 ], [ 22.727894256168113, -14.01018262339953 ], [ 22.723958666839764, -14.003112589219427 ], [ 22.75486972630905, -13.922826008706513 ], [ 22.80015634740365, -13.927172778067174 ], [ 22.853680769385285, -13.87501635199496 ], [ 22.963150044829899, -13.9406025526535 ], [ 22.98089178606428, -13.964085917685612 ], [ 22.994352922917528, -14.005716732606173 ], [ 23.028880528753753, -14.008594215775064 ], [ 23.098021434314425, -13.986311010844394 ], [ 23.101056566774975, -14.008010052035132 ], [ 23.122658508024127, -14.036887856066805 ], [ 23.148675079599862, -14.040025829299129 ], [ 23.174582864296401, -14.032720730708171 ], [ 23.176924002385913, -14.021325797333439 ], [ 23.214116885415599, -14.017039932841076 ], [ 23.22190947136637, -14.003125002826502 ], [ 23.241474447674459, -14.035642842706553 ], [ 23.242059049701783, -14.066931106780377 ], [ 23.21676431398269, -14.121681469350321 ], [ 23.192476577120683, -14.136427690341463 ], [ 23.177767583319785, -14.185046097632537 ], [ 23.192622533591415, -14.179976530756202 ], [ 23.201892024429423, -14.185737393343969 ], [ 23.202486222260642, -14.167763019047809 ], [ 23.215083222929664, -14.163269204936427 ], [ 23.223758515936485, -14.172487190771445 ], [ 23.216984658145471, -14.183087415291933 ], [ 23.22054984692932, -14.194032778276197 ], [ 23.237543912267913, -14.20532322926819 ], [ 23.256201733869517, -14.18377871697642 ], [ 23.28840727195141, -14.189769909347332 ], [ 23.301360790600523, -14.175943841427115 ], [ 23.296726045181515, -14.166956443846654 ], [ 23.32227656719461, -14.171680634102808 ], [ 23.331308379978111, -14.162462612026498 ], [ 23.337012679337313, -14.170874071083226 ], [ 23.376467434912492, -14.16880004258322 ], [ 23.3913223896757, -14.13607396128697 ], [ 23.41924970121698, -14.107953425931603 ], [ 23.529414036434552, -14.098502302741025 ], [ 23.535831375347183, -14.084901218983617 ], [ 23.591329479551355, -14.049050415589074 ], [ 23.594300469605688, -14.036022847816485 ], [ 23.629476998640214, -14.038098085985908 ], [ 23.655740556613445, -14.031065260145045 ], [ 23.676537490587023, -14.015038838097862 ], [ 23.695670671890888, -14.025531083364136 ], [ 23.700661936188276, -14.038443957041816 ], [ 23.728826927580688, -14.032448783687935 ], [ 23.759131033141703, -13.988979101385651 ], [ 23.796327834622691, -13.988748471341987 ], [ 23.808805995366164, -13.967875467825001 ], [ 23.827582655994981, -13.971796507951414 ], [ 23.830315968893142, -13.993476346672622 ], [ 23.843626006420635, -14.008812443982531 ], [ 23.8666808953867, -13.999703155583706 ], [ 23.878743116390716, -13.981656476122433 ], [ 23.903045820083669, -13.991573678015952 ], [ 23.915583400789913, -13.987768289115179 ], [ 23.930497771922678, -14.002239955938077 ], [ 23.944758528854706, -13.986269181370337 ], [ 23.965770726119811, -14.00455713216593 ], [ 23.98164582478767, -14.001710741589124 ], [ 24.014992747896539, -14.013655210425396 ], [ 24.007624691376002, -13.995955558940192 ], [ 24.029847699964822, -13.997396950568808 ], [ 24.040959205157531, -13.971796508823136 ], [ 24.062528597748987, -13.969605346569494 ], [ 24.056791815309108, -13.984780067361202 ], [ 24.06413293404918, -13.989901620119129 ], [ 24.077740069593954, -13.984308793353851 ], [ 24.078461200273143, -13.960963449277056 ], [ 24.091644306749298, -13.95841856835103 ], [ 24.094080518036886, -13.943482797431773 ], [ 24.106499259715882, -13.945501199693775 ], [ 24.103350009773227, -13.963954360953434 ], [ 24.13620916744571, -13.969663009115875 ], [ 24.156718919006138, -13.933243091038682 ], [ 24.188379761818865, -13.936158723677174 ], [ 24.198956489143161, -13.925950771876598 ], [ 24.197589833592399, -13.91695355784849 ], [ 24.214583899829325, -13.921394533606247 ], [ 24.230033050627132, -13.90605262123986 ], [ 24.248215515221389, -13.905764228915315 ], [ 24.235737353579587, -13.916261450896902 ], [ 24.243877867819666, -13.926931216975813 ], [ 24.262773369272363, -13.915107932963691 ], [ 24.274835591174675, -13.942041068355284 ], [ 24.299078874006558, -13.948211601948705 ], [ 24.297831058381341, -13.934140237978999 ], [ 24.309596181368043, -13.944982183605701 ], [ 24.312745432209063, -13.934601607146094 ], [ 24.291413718570411, -13.915165609127792 ], [ 24.309180241628589, -13.91649215431622 ], [ 24.309952701144759, -13.897689117125623 ], [ 24.317736694709826, -13.895151165883696 ], [ 24.326055468838227, -13.907552250302034 ], [ 24.335681478554623, -13.906514045595632 ], [ 24.340256804909149, -13.919087544075005 ], [ 24.33027427811103, -13.939503604806466 ], [ 24.335047759342498, -13.944242682704388 ], [ 24.385118763622874, -13.961705462199282 ], [ 24.41251129729574, -13.945385863370557 ], [ 24.421364849292587, -13.968048456719957 ], [ 24.436160384093025, -13.965799597927061 ], [ 24.442280623191717, -13.949422621300817 ], [ 24.463790597617024, -13.963262394913036 ], [ 24.48363681308437, -13.956284945640926 ], [ 24.472049950884319, -13.941637382739419 ], [ 24.488093298615016, -13.93166035964477 ], [ 24.487380262654874, -13.915915397080239 ], [ 24.495520775996656, -13.908878839152456 ], [ 24.5393725989363, -13.962224442392257 ], [ 24.563794140758205, -13.970643267579867 ], [ 24.562665165956904, -13.988171893913567 ], [ 24.577282438174056, -13.97975370795252 ], [ 24.587978006322231, -13.996878051425679 ], [ 24.58785916729498, -13.987941263060511 ], [ 24.603605417906692, -13.985173672171546 ], [ 24.600515586130147, -13.97070093073811 ], [ 24.588750463143448, -13.964703989575209 ], [ 24.602714120261567, -13.955419958330641 ], [ 24.608359000556323, -13.96787546869677 ], [ 24.622798014681745, -13.961244146362827 ], [ 24.62030238343138, -13.992496186340974 ], [ 24.640873001242145, -14.022993084002733 ], [ 24.655019811371975, -14.005551265271837 ], [ 24.642175105653216, -14.00541652995021 ], [ 24.635162592440683, -13.976581701146769 ], [ 24.647382421064652, -13.979748319923958 ], [ 24.652034289271299, -13.970383090588784 ], [ 24.665781597034698, -13.970585224327294 ], [ 24.669600293984967, -13.959669880277414 ], [ 24.680778660784306, -13.973819301658047 ], [ 24.690568410020774, -13.968698661149714 ], [ 24.69008239360431, -13.979411452386268 ], [ 24.715771805940097, -13.995850243060749 ], [ 24.715311210049528, -14.004159880579703 ], [ 24.726255863059684, -14.002789213734808 ], [ 24.72708903072277, -14.027040284284698 ], [ 24.745835358837731, -14.02535626741027 ], [ 24.74941872233639, -14.076546531651635 ], [ 24.743127549110504, -14.087387361385419 ], [ 24.736392758152888, -14.085232382191053 ], [ 24.736169926555082, -14.098775526025602 ], [ 24.75208412709063, -14.102943007231055 ], [ 24.748195999352031, -14.116477577708032 ], [ 24.767490238704866, -14.122234080148985 ], [ 24.764720538647811, -14.131963911597667 ], [ 24.790479385365217, -14.12523085619741 ], [ 24.813173881019083, -14.155981491760416 ], [ 24.839008869838267, -14.149314564176915 ], [ 24.865910802991745, -14.164546984117454 ], [ 24.900441640966363, -14.165763589332379 ], [ 24.918309342173256, -14.175690827400263 ], [ 24.918158770158602, -14.183865870917602 ], [ 24.961798523317565, -14.195641519852316 ], [ 24.972087506781623, -14.207659618112352 ], [ 24.989804639567147, -14.197490499030108 ], [ 25.021988679167677, -14.210142358712773 ], [ 25.029203925071826, -14.2050808898081 ], [ 25.034022181930318, -14.217779629585536 ], [ 25.042705083667585, -14.211308712991478 ], [ 25.055955288007276, -14.219141903674528 ], [ 25.054935805262694, -14.209527876868105 ], [ 25.06503970972706, -14.21578485591869 ], [ 25.076934782104452, -14.20877868063074 ], [ 25.105994906948261, -14.218704033243206 ], [ 25.104589583416104, -14.230964157863138 ], [ 25.092192598034945, -14.240256109935139 ], [ 25.107299839255827, -14.240256109935139 ], [ 25.109859538352282, -14.252806936698493 ], [ 25.101829110853668, -14.258011919973743 ], [ 25.126070977042325, -14.269637570810014 ], [ 25.117538635641612, -14.27231284327835 ], [ 25.115380459222663, -14.284813247226628 ], [ 25.133854233988838, -14.289749958167466 ], [ 25.132325390308484, -14.30860440266205 ], [ 25.108002500572756, -14.314821107209129 ], [ 25.11166639713834, -14.339281602622664 ], [ 25.098576905894568, -14.341036131788183 ], [ 25.086266663633904, -14.370309608114253 ], [ 25.072993851393459, -14.379895445078516 ], [ 25.072301208986893, -14.414351046427852 ], [ 25.054494147654935, -14.424226735032624 ], [ 25.049806115969904, -14.435736843344539 ], [ 25.024241397880381, -14.446785696786462 ], [ 25.024335491914822, -14.463633731575255 ], [ 24.988549897931115, -14.492111190863019 ], [ 24.979666237999211, -14.529767743238068 ], [ 24.972765137441463, -14.531498826845535 ], [ 24.979803802408561, -14.546969293382825 ], [ 24.972890563814698, -14.560082678879001 ], [ 24.985323843828283, -14.560812674805268 ], [ 24.978210723795492, -14.576938703634987 ], [ 24.98373164107262, -14.591267738912213 ], [ 25.011336239136281, -14.612492425235292 ], [ 25.059117284145515, -14.632501006840183 ], [ 25.092292991056166, -14.626430636013543 ], [ 25.141297596279617, -14.634080194869622 ], [ 25.151166063087839, -14.621525651722914 ], [ 25.176411722046307, -14.618028963062462 ], [ 25.192020864592862, -14.624293823808108 ], [ 25.231721294126878, -14.603215983858474 ], [ 25.291261595225702, -14.590116550905432 ], [ 25.308311499842343, -14.593696296209053 ], [ 25.32577768016839, -14.581067503431672 ], [ 25.40126370278778, -14.588256290023317 ], [ 25.44078405693827, -14.578165927338437 ], [ 25.516665184670739, -14.53711871913173 ], [ 25.567447130040026, -14.537119046954293 ], [ 25.591298787832219, -14.524598413933939 ], [ 25.596437940876498, -14.531376287613426 ], [ 25.562534382990041, -14.582955090397506 ], [ 25.542893198104821, -14.580114384059645 ], [ 25.53721005766382, -14.610876664110053 ], [ 25.477630754410278, -14.694289808753648 ], [ 25.497237938960325, -14.727376286674522 ], [ 25.489503194632398, -14.791241009275117 ], [ 25.471191463367077, -14.796104943819266 ], [ 25.450424754109541, -14.818516550642817 ], [ 25.447205110384569, -14.855475068242914 ], [ 25.431630077767696, -14.872940629665012 ], [ 25.429939764609973, -14.886865391250952 ], [ 25.46483793897562, -14.953976284974406 ], [ 25.465337938567806, -15.037276286757434 ], [ 25.439337939112423, -15.071876286615209 ], [ 25.421137939403824, -15.081076286409925 ], [ 25.420837938929854, -15.139776285821837 ], [ 25.40763793873645, -15.144676287183248 ], [ 25.384337939953525, -15.139076286404768 ], [ 25.338750900668341, -15.163209682945427 ], [ 25.31917111473447, -15.185720999408412 ], [ 25.317014144752921, -15.203113013268615 ], [ 25.330337940877296, -15.217176286950755 ], [ 25.336237940017803, -15.241476286182627 ], [ 25.316886451930241, -15.279025868770935 ], [ 25.317337938903812, -15.293076284822479 ], [ 25.341637938667763, -15.344176285813447 ], [ 25.304077147918527, -15.389343261581956 ], [ 25.316833497142547, -15.412658689851716 ], [ 25.306030274890709, -15.450378417110032 ], [ 25.289062501443862, -15.469421385805667 ], [ 25.258483887799976, -15.462585449226413 ], [ 25.239807128813897, -15.479309081871374 ], [ 25.248840333986102, -15.497802731380053 ], [ 25.284057616890149, -15.521789549408371 ], [ 25.218135374094153, -15.5904003572855 ], [ 25.228437940085293, -15.608976285627502 ], [ 25.261137939645668, -15.619176286094786 ], [ 25.276337940902799, -15.636676285596664 ], [ 25.282037940026726, -15.650676286693727 ], [ 25.277893066593432, -15.675476074173808 ], [ 25.245164514980079, -15.696754243126744 ], [ 25.292437939090252, -15.758076288273624 ], [ 25.319437938628333, -15.754776287004701 ], [ 25.363037940437668, -15.710876286736154 ], [ 25.399037938923481, -15.738876285871374 ], [ 25.401637940036849, -15.768876286298969 ], [ 25.383337939870795, -15.818676285634066 ], [ 25.389637939044363, -15.846076285841152 ], [ 25.348737938805815, -15.924776285834607 ], [ 25.352037940426246, -15.956576286751556 ], [ 25.314737939587101, -16.015276284048483 ], [ 25.323537940314914, -16.050376285678741 ], [ 25.347737939621446, -16.063676286619355 ], [ 25.361537939864455, -16.086576285945789 ], [ 25.392237940157727, -16.081676284031349 ], [ 25.433237939955404, -16.100076287096304 ], [ 25.373169433062763, -16.133565040281294 ], [ 25.349339209971578, -16.166061910277843 ], [ 25.327857220762318, -16.175250287802051 ], [ 25.297745928695569, -16.227160717600015 ], [ 25.295329836077073, -16.252749752975834 ], [ 25.301939680361798, -16.267110524572196 ], [ 25.290546397918977, -16.281553730184129 ], [ 25.250626427316053, -16.291362816049844 ], [ 25.230362043388986, -16.3209957970681 ], [ 25.200835178178092, -16.330969833352153 ], [ 25.180698035221134, -16.351371980273317 ], [ 25.155848668948536, -16.35859013131866 ], [ 25.104135605414218, -16.398387800056213 ], [ 25.084509240036247, -16.434185069012212 ], [ 25.072779770284846, -16.439810123307879 ], [ 25.075435834356767, -16.446409520636266 ], [ 25.042618272275149, -16.471317661142002 ], [ 25.039766122146403, -16.494650109041867 ], [ 25.02382972783343, -16.507263844749328 ], [ 25.025844059720885, -16.523363108423343 ], [ 25.006467258905246, -16.554378604825619 ], [ 25.055345995784361, -16.582125983059669 ], [ 25.055470777167216, -16.594665663826309 ], [ 25.071104131107269, -16.597535666796805 ], [ 25.101158673004289, -16.623090470349741 ], [ 25.08430249187527, -16.66811113494494 ], [ 25.114171610717875, -16.665788092685627 ], [ 25.194744878131168, -16.69078740125309 ], [ 25.215779491955878, -16.687030883362386 ], [ 25.222767261972226, -16.699188073143105 ], [ 25.240512635095339, -16.707166749248099 ], [ 25.227812833021808, -16.781930860144801 ], [ 25.265377853937743, -16.91660144534724 ], [ 25.252022215231491, -16.958550681388573 ], [ 25.194485736629581, -16.994051961977622 ], [ 25.164641915243738, -16.963627410072458 ], [ 25.16223361730696, -16.968892995092911 ], [ 25.171369489136335, -16.980029952087083 ], [ 25.156405347743586, -17.022290282692765 ], [ 25.178046177061354, -17.041289039050532 ], [ 25.171332601615823, -17.054337806118934 ], [ 25.176890358802751, -17.066868467890217 ], [ 25.164987904968676, -17.092256349361726 ], [ 25.133190642200237, -17.098367729300016 ], [ 25.126895128314874, -17.113880332673101 ], [ 25.116369817862513, -17.110683901862068 ], [ 25.112607263820838, -17.140107792655293 ], [ 25.104811648750953, -17.149483916407519 ], [ 25.098294807047594, -17.146664079815746 ], [ 25.097212767423237, -17.1591180367997 ], [ 25.087720312036783, -17.164428338155428 ], [ 25.089810618939392, -17.177069064216791 ], [ 25.114672980240865, -17.193303377062314 ], [ 25.119615942125424, -17.222455785308068 ], [ 25.111451447358863, -17.224569801287974 ], [ 25.103901750589561, -17.245074507700746 ], [ 25.075571939003765, -17.254233950963236 ], [ 25.066915609432609, -17.286805000758854 ], [ 25.043258247354927, -17.286898925588087 ], [ 25.038044774890547, -17.312256662964963 ], [ 25.014289049085892, -17.328267805756067 ], [ 25.00981333421824, -17.347610781666916 ], [ 25.025060281432118, -17.365804007278172 ], [ 25.01716629634705, -17.394340062751198 ], [ 25.018838540791158, -17.438265495658488 ], [ 24.987027107099138, -17.473849747920514 ], [ 24.971863173200667, -17.506153245197513 ], [ 24.979183690876372, -17.521883533070827 ], [ 24.977092113755933, -17.551413809149835 ], [ 24.946404502128765, -17.568311475055591 ], [ 24.94398235037368, -17.548504758717328 ], [ 24.907603494603293, -17.554766757786162 ], [ 24.879748748072352, -17.527008023415799 ], [ 24.853943516845284, -17.530161627704594 ], [ 24.829256200361758, -17.519856684135874 ], [ 24.796417411988291, -17.537134901918083 ], [ 24.780626845686967, -17.50835176521279 ], [ 24.760830413954366, -17.518168750137626 ], [ 24.726873708142435, -17.499911400156073 ], [ 24.655094173012873, -17.495157968773015 ], [ 24.638325432096998, -17.499378312422433 ], [ 24.641679179920835, -17.51390442284778 ], [ 24.626261251867376, -17.51186106478772 ], [ 24.609865147402708, -17.534647649582176 ], [ 24.558953380203523, -17.538955903427468 ], [ 24.538037938681022, -17.508576287925028 ], [ 24.509019791212143, -17.512749484421736 ], [ 24.45480085563322, -17.479786210971064 ], [ 24.387213506406351, -17.469656135273034 ], [ 24.328383167232765, -17.492492441331382 ], [ 24.290201664876712, -17.484161081291074 ], [ 24.269958541377452, -17.491111787785233 ], [ 24.246438980864351, -17.473831176298805 ], [ 23.437997817877658, -17.638072966835676 ], [ 23.417213442351773, -17.59856223964713 ], [ 23.402616500806126, -17.593843460300874 ], [ 23.391839981874444, -17.576368330869798 ], [ 23.363676071155311, -17.575220107132829 ], [ 23.339685441293749, -17.553153991213801 ], [ 23.289726256604972, -17.549709318873916 ], [ 23.287416458040799, -17.543800354203167 ], [ 23.245786667363742, -17.548036574589204 ], [ 23.223205566946486, -17.533565519730065 ], [ 23.226804733607651, -17.52441215459702 ], [ 23.210336684868508, -17.517604825852345 ], [ 23.211389542720848, -17.506536482650098 ], [ 23.196258544653965, -17.498432157264212 ], [ 23.195934296853842, -17.487632748819514 ], [ 23.180137633686684, -17.47603225587271 ], [ 23.14056778056743, -17.467475891042504 ], [ 23.148431778990027, -17.456886290167414 ], [ 23.125656128635043, -17.444808958071803 ], [ 23.107781830200704, -17.42176805010039 ], [ 23.088352515670174, -17.41889442178708 ] ] ] } }
]
}
